,score,time,samples,subject,session,channels,n_sessions,dataset,pipeline
0,0.25,15.241596,288.0,1,session_E,22,2,001-2014,LE LLE
1,0.25,4.497674,288.0,1,session_T,22,2,001-2014,LE LLE
2,0.25,3.7366757,288.0,2,session_E,22,2,001-2014,LE LLE
3,0.25,3.629427,288.0,2,session_T,22,2,001-2014,LE LLE
4,0.25,3.16328,288.0,3,session_E,22,2,001-2014,LE LLE
5,0.25,3.299604,288.0,3,session_T,22,2,001-2014,LE LLE
6,0.25,3.673002,288.0,4,session_E,22,2,001-2014,LE LLE
7,0.25,4.147627,288.0,4,session_T,22,2,001-2014,LE LLE
8,0.25,3.732973,288.0,5,session_E,22,2,001-2014,LE LLE
9,0.25,3.386629,288.0,5,session_T,22,2,001-2014,LE LLE
10,0.25,3.550808,288.0,6,session_E,22,2,001-2014,LE LLE
11,0.25,3.861038,288.0,6,session_T,22,2,001-2014,LE LLE
12,0.25,3.374557,288.0,7,session_E,22,2,001-2014,LE LLE
13,0.25,4.392126,288.0,7,session_T,22,2,001-2014,LE LLE
14,0.25,3.2667918,288.0,8,session_E,22,2,001-2014,LE LLE
15,0.25,3.9077702,288.0,8,session_T,22,2,001-2014,LE LLE
16,0.25,3.4867127,288.0,9,session_E,22,2,001-2014,LE LLE
17,0.25,4.1514482,288.0,9,session_T,22,2,001-2014,LE LLE
18,0.5,1.673934,200.0,1,session_A,13,2,001-2015,LE LLE
19,0.5,1.5868549,200.0,1,session_B,13,2,001-2015,LE LLE
20,0.5,1.5064521,200.0,2,session_A,13,2,001-2015,LE LLE
21,0.5,1.7403841,200.0,2,session_B,13,2,001-2015,LE LLE
22,0.5,1.544126,200.0,3,session_A,13,2,001-2015,LE LLE
23,0.5,1.8207879,200.0,3,session_B,13,2,001-2015,LE LLE
24,0.5,1.2896488,200.0,4,session_A,13,2,001-2015,LE LLE
25,0.5,2.0026398,200.0,4,session_B,13,2,001-2015,LE LLE
26,0.5,1.5121179,200.0,5,session_A,13,2,001-2015,LE LLE
27,0.5,1.352263,200.0,5,session_B,13,2,001-2015,LE LLE
28,0.5,1.6101892,200.0,6,session_A,13,2,001-2015,LE LLE
29,0.5,1.4932201,200.0,6,session_B,13,2,001-2015,LE LLE
30,0.5,1.5406418,200.0,7,session_A,13,2,001-2015,LE LLE
31,0.5,1.5965922,200.0,7,session_B,13,2,001-2015,LE LLE
32,0.5,3.419911,400.0,8,session_A,13,2,001-2015,LE LLE
33,0.5,3.6171079,400.0,8,session_B,13,2,001-2015,LE LLE
34,0.5,3.636034,400.0,8,session_C,13,2,001-2015,LE LLE
35,0.5,3.4168882,400.0,9,session_A,13,2,001-2015,LE LLE
36,0.5,2.9550583,400.0,9,session_B,13,2,001-2015,LE LLE
37,0.5,3.266847,400.0,9,session_C,13,2,001-2015,LE LLE
38,0.5,2.8314729,400.0,10,session_A,13,2,001-2015,LE LLE
39,0.5,2.7453542,400.0,10,session_B,13,2,001-2015,LE LLE
40,0.5,3.123587,400.0,10,session_C,13,2,001-2015,LE LLE
41,0.5,2.9326458,400.0,11,session_A,13,2,001-2015,LE LLE
42,0.5,4.5984983,400.0,11,session_B,13,2,001-2015,LE LLE
43,0.5,4.794299,400.0,11,session_C,13,2,001-2015,LE LLE
44,0.5,1.7085161,200.0,12,session_A,13,2,001-2015,LE LLE
45,0.5,1.8617659,200.0,12,session_B,13,2,001-2015,LE LLE
46,0.5,2.111125,600.0,1,session_0,3,5,004-2014,LE LLE
47,0.5,3.605806,600.0,1,session_1,3,5,004-2014,LE LLE
48,0.5,2.396489,560.0,1,session_2,3,5,004-2014,LE LLE
49,0.5,1.652072,560.0,1,session_3,3,5,004-2014,LE LLE
50,0.5,3.8430681,560.0,1,session_4,3,5,004-2014,LE LLE
51,0.5,2.3392367,560.0,2,session_0,3,5,004-2014,LE LLE
52,0.5,1.613406,560.0,2,session_1,3,5,004-2014,LE LLE
53,0.5,3.07626,520.0,2,session_2,3,5,004-2014,LE LLE
54,0.5,1.9015062,560.0,2,session_3,3,5,004-2014,LE LLE
55,0.5,2.5718699,520.0,2,session_4,3,5,004-2014,LE LLE
56,0.5,4.613204,600.0,3,session_0,3,5,004-2014,LE LLE
57,0.5,2.586466,600.0,3,session_1,3,5,004-2014,LE LLE
58,0.5,4.504607,560.0,3,session_2,3,5,004-2014,LE LLE
59,0.5,2.6094952,560.0,3,session_3,3,5,004-2014,LE LLE
60,0.5,3.696524,560.0,3,session_4,3,5,004-2014,LE LLE
61,0.5,4.021203,620.0,4,session_0,3,5,004-2014,LE LLE
62,0.5,4.083291,600.0,4,session_1,3,5,004-2014,LE LLE
63,0.5,3.168761,580.0,4,session_2,3,5,004-2014,LE LLE
64,0.5,2.488807,580.0,4,session_3,3,5,004-2014,LE LLE
65,0.5,1.6432371,580.0,4,session_4,3,5,004-2014,LE LLE
66,0.5,2.566485,620.0,5,session_0,3,5,004-2014,LE LLE
67,0.5,2.296123,600.0,5,session_1,3,5,004-2014,LE LLE
68,0.5,1.7537022,580.0,5,session_2,3,5,004-2014,LE LLE
69,0.5,2.999702,580.0,5,session_3,3,5,004-2014,LE LLE
70,0.5,3.517864,580.0,5,session_4,3,5,004-2014,LE LLE
71,0.5,2.266105,600.0,6,session_0,3,5,004-2014,LE LLE
72,0.5,3.1920934,600.0,6,session_1,3,5,004-2014,LE LLE
73,0.5,2.472222,560.0,6,session_2,3,5,004-2014,LE LLE
74,0.5,1.5788941,560.0,6,session_3,3,5,004-2014,LE LLE
75,0.5,2.6725671,560.0,6,session_4,3,5,004-2014,LE LLE
76,0.5,2.433304,600.0,7,session_0,3,5,004-2014,LE LLE
77,0.5,3.2609472,600.0,7,session_1,3,5,004-2014,LE LLE
78,0.5,2.470365,560.0,7,session_2,3,5,004-2014,LE LLE
79,0.5,6.625967,560.0,7,session_3,3,5,004-2014,LE LLE
80,0.5,4.620713,560.0,7,session_4,3,5,004-2014,LE LLE
81,0.5,3.5769472,600.0,8,session_0,3,5,004-2014,LE LLE
82,0.5,2.0804093,640.0,8,session_1,3,5,004-2014,LE LLE
83,0.5,3.038677,600.0,8,session_2,3,5,004-2014,LE LLE
84,0.5,2.8058429,600.0,8,session_3,3,5,004-2014,LE LLE
85,0.5,1.8135598,600.0,8,session_4,3,5,004-2014,LE LLE
86,0.5,2.580013,600.0,9,session_0,3,5,004-2014,LE LLE
87,0.5,1.7239482,600.0,9,session_1,3,5,004-2014,LE LLE
88,0.5,2.331043,560.0,9,session_2,3,5,004-2014,LE LLE
89,0.5,3.139182,560.0,9,session_3,3,5,004-2014,LE LLE
90,0.5,1.5041192,560.0,9,session_4,3,5,004-2014,LE LLE
91,0.5,10.221397,100.0,1,session_1,62,2,Lee2019_MI,LE LLE
92,0.5,9.21752,100.0,1,session_2,62,2,Lee2019_MI,LE LLE
93,0.5,9.702788,100.0,2,session_1,62,2,Lee2019_MI,LE LLE
94,0.5,8.364195,100.0,2,session_2,62,2,Lee2019_MI,LE LLE
95,0.5,8.586269,100.0,3,session_1,62,2,Lee2019_MI,LE LLE
96,0.5,8.703595,100.0,3,session_2,62,2,Lee2019_MI,LE LLE
97,0.5,18.27734,100.0,4,session_1,62,2,Lee2019_MI,LE LLE
98,0.5,7.0602093,100.0,4,session_2,62,2,Lee2019_MI,LE LLE
99,0.5,8.196636,100.0,5,session_1,62,2,Lee2019_MI,LE LLE
100,0.5,7.722433,100.0,5,session_2,62,2,Lee2019_MI,LE LLE
101,0.5,13.673065,100.0,6,session_1,62,2,Lee2019_MI,LE LLE
102,0.5,9.004695,100.0,6,session_2,62,2,Lee2019_MI,LE LLE
103,0.5,8.228701,100.0,7,session_1,62,2,Lee2019_MI,LE LLE
104,0.5,6.1826725,100.0,7,session_2,62,2,Lee2019_MI,LE LLE
105,0.5,9.184773,100.0,8,session_1,62,2,Lee2019_MI,LE LLE
106,0.5,8.339509,100.0,8,session_2,62,2,Lee2019_MI,LE LLE
107,0.5,18.590958,100.0,9,session_1,62,2,Lee2019_MI,LE LLE
108,0.5,14.805733,100.0,9,session_2,62,2,Lee2019_MI,LE LLE
109,0.5,8.964937,100.0,10,session_1,62,2,Lee2019_MI,LE LLE
110,0.5,9.803833,100.0,10,session_2,62,2,Lee2019_MI,LE LLE
111,0.5,14.040588,100.0,11,session_1,62,2,Lee2019_MI,LE LLE
112,0.5,14.110842,100.0,11,session_2,62,2,Lee2019_MI,LE LLE
113,0.5,11.663274,100.0,12,session_1,62,2,Lee2019_MI,LE LLE
114,0.5,6.5626373,100.0,12,session_2,62,2,Lee2019_MI,LE LLE
115,0.5,7.965671,100.0,13,session_1,62,2,Lee2019_MI,LE LLE
116,0.5,8.570718,100.0,13,session_2,62,2,Lee2019_MI,LE LLE
117,0.5,8.109669,100.0,14,session_1,62,2,Lee2019_MI,LE LLE
118,0.5,6.313094,100.0,14,session_2,62,2,Lee2019_MI,LE LLE
119,0.5,8.081135,100.0,15,session_1,62,2,Lee2019_MI,LE LLE
120,0.5,6.527355,100.0,15,session_2,62,2,Lee2019_MI,LE LLE
121,0.5,7.9294167,100.0,16,session_1,62,2,Lee2019_MI,LE LLE
122,0.5,6.452629,100.0,16,session_2,62,2,Lee2019_MI,LE LLE
123,0.5,7.302127,100.0,17,session_1,62,2,Lee2019_MI,LE LLE
124,0.5,6.1468053,100.0,17,session_2,62,2,Lee2019_MI,LE LLE
125,0.5,7.832528,100.0,18,session_1,62,2,Lee2019_MI,LE LLE
126,0.5,6.7720194,100.0,18,session_2,62,2,Lee2019_MI,LE LLE
127,0.5,6.9454412,100.0,19,session_1,62,2,Lee2019_MI,LE LLE
128,0.5,6.32308,100.0,19,session_2,62,2,Lee2019_MI,LE LLE
129,0.5,8.728603,100.0,20,session_1,62,2,Lee2019_MI,LE LLE
130,0.5,6.016982,100.0,20,session_2,62,2,Lee2019_MI,LE LLE
131,0.5,6.550473,100.0,21,session_1,62,2,Lee2019_MI,LE LLE
132,0.5,8.546791,100.0,21,session_2,62,2,Lee2019_MI,LE LLE
133,0.5,8.577768,100.0,22,session_1,62,2,Lee2019_MI,LE LLE
134,0.5,6.085762,100.0,22,session_2,62,2,Lee2019_MI,LE LLE
135,0.5,8.223061,100.0,23,session_1,62,2,Lee2019_MI,LE LLE
136,0.5,6.463475,100.0,23,session_2,62,2,Lee2019_MI,LE LLE
137,0.5,8.437062,100.0,24,session_1,62,2,Lee2019_MI,LE LLE
138,0.5,7.772686,100.0,24,session_2,62,2,Lee2019_MI,LE LLE
139,0.5,8.371199,100.0,25,session_1,62,2,Lee2019_MI,LE LLE
140,0.5,7.735261,100.0,25,session_2,62,2,Lee2019_MI,LE LLE
141,0.5,8.163626,100.0,26,session_1,62,2,Lee2019_MI,LE LLE
142,0.5,5.876032,100.0,26,session_2,62,2,Lee2019_MI,LE LLE
143,0.5,8.41405,100.0,27,session_1,62,2,Lee2019_MI,LE LLE
144,0.5,7.598794,100.0,27,session_2,62,2,Lee2019_MI,LE LLE
145,0.5,8.674607,100.0,28,session_1,62,2,Lee2019_MI,LE LLE
146,0.5,7.778358,100.0,28,session_2,62,2,Lee2019_MI,LE LLE
147,0.5,8.078953,100.0,29,session_1,62,2,Lee2019_MI,LE LLE
148,0.5,7.780433,100.0,29,session_2,62,2,Lee2019_MI,LE LLE
149,0.5,11.61161,100.0,30,session_1,62,2,Lee2019_MI,LE LLE
150,0.5,10.949224,100.0,30,session_2,62,2,Lee2019_MI,LE LLE
151,0.5,9.813304,100.0,31,session_1,62,2,Lee2019_MI,LE LLE
152,0.5,7.8911495,100.0,31,session_2,62,2,Lee2019_MI,LE LLE
153,0.5,8.657579,100.0,32,session_1,62,2,Lee2019_MI,LE LLE
154,0.5,7.9518948,100.0,32,session_2,62,2,Lee2019_MI,LE LLE
155,0.5,8.649139,100.0,33,session_1,62,2,Lee2019_MI,LE LLE
156,0.5,6.016528,100.0,33,session_2,62,2,Lee2019_MI,LE LLE
157,0.5,9.236347,100.0,34,session_1,62,2,Lee2019_MI,LE LLE
158,0.5,7.040375,100.0,34,session_2,62,2,Lee2019_MI,LE LLE
159,0.5,8.07471,100.0,35,session_1,62,2,Lee2019_MI,LE LLE
160,0.5,6.6374474,100.0,35,session_2,62,2,Lee2019_MI,LE LLE
161,0.5,8.265713,100.0,36,session_1,62,2,Lee2019_MI,LE LLE
162,0.5,6.5006227,100.0,36,session_2,62,2,Lee2019_MI,LE LLE
163,0.5,9.662598,100.0,37,session_1,62,2,Lee2019_MI,LE LLE
164,0.5,7.582961,100.0,37,session_2,62,2,Lee2019_MI,LE LLE
165,0.5,9.220525,100.0,38,session_1,62,2,Lee2019_MI,LE LLE
166,0.5,7.402914,100.0,38,session_2,62,2,Lee2019_MI,LE LLE
167,0.5,8.072149,100.0,39,session_1,62,2,Lee2019_MI,LE LLE
168,0.5,5.810474,100.0,39,session_2,62,2,Lee2019_MI,LE LLE
169,0.5,6.248707,100.0,40,session_1,62,2,Lee2019_MI,LE LLE
170,0.5,7.332165,100.0,40,session_2,62,2,Lee2019_MI,LE LLE
171,0.5,8.817108,100.0,41,session_1,62,2,Lee2019_MI,LE LLE
172,0.5,7.633358,100.0,41,session_2,62,2,Lee2019_MI,LE LLE
173,0.5,9.072819,100.0,42,session_1,62,2,Lee2019_MI,LE LLE
174,0.5,7.890053,100.0,42,session_2,62,2,Lee2019_MI,LE LLE
175,0.5,8.369417,100.0,43,session_1,62,2,Lee2019_MI,LE LLE
176,0.5,7.812446,100.0,43,session_2,62,2,Lee2019_MI,LE LLE
177,0.5,8.370668,100.0,44,session_1,62,2,Lee2019_MI,LE LLE
178,0.5,8.211833,100.0,44,session_2,62,2,Lee2019_MI,LE LLE
179,0.5,8.20178,100.0,45,session_1,62,2,Lee2019_MI,LE LLE
180,0.5,6.395825,100.0,45,session_2,62,2,Lee2019_MI,LE LLE
181,0.5,7.929275,100.0,46,session_1,62,2,Lee2019_MI,LE LLE
182,0.5,6.619607,100.0,46,session_2,62,2,Lee2019_MI,LE LLE
183,0.5,7.474793,100.0,47,session_1,62,2,Lee2019_MI,LE LLE
184,0.5,18.264439,100.0,47,session_2,62,2,Lee2019_MI,LE LLE
185,0.5,8.537104,100.0,48,session_1,62,2,Lee2019_MI,LE LLE
186,0.5,8.097174,100.0,48,session_2,62,2,Lee2019_MI,LE LLE
187,0.5,9.7919655,100.0,49,session_1,62,2,Lee2019_MI,LE LLE
188,0.5,7.944168,100.0,49,session_2,62,2,Lee2019_MI,LE LLE
189,0.5,9.364307,100.0,50,session_1,62,2,Lee2019_MI,LE LLE
190,0.5,8.447898,100.0,50,session_2,62,2,Lee2019_MI,LE LLE
191,0.5,7.888459,100.0,51,session_1,62,2,Lee2019_MI,LE LLE
192,0.5,6.697926,100.0,51,session_2,62,2,Lee2019_MI,LE LLE
193,0.5,8.05797,100.0,52,session_1,62,2,Lee2019_MI,LE LLE
194,0.5,6.422903,100.0,52,session_2,62,2,Lee2019_MI,LE LLE
195,0.5,8.88175,100.0,53,session_1,62,2,Lee2019_MI,LE LLE
196,0.5,7.083189,100.0,53,session_2,62,2,Lee2019_MI,LE LLE
197,0.5,8.590248,100.0,54,session_1,62,2,Lee2019_MI,LE LLE
198,0.5,8.003187,100.0,54,session_2,62,2,Lee2019_MI,LE LLE
199,0.33519554,2.3585742,300.0,1,session_0,14,3,Zhou 2016,LE LLE
200,0.33333334,3.1706707,329.0,1,session_1,14,3,Zhou 2016,LE LLE
201,0.33333334,2.405768,329.0,1,session_2,14,3,Zhou 2016,LE LLE
202,0.33333334,2.0009782,285.0,2,session_0,14,3,Zhou 2016,LE LLE
203,0.33333334,2.339871,300.0,2,session_1,14,3,Zhou 2016,LE LLE
204,0.33333334,1.9142401,285.0,2,session_2,14,3,Zhou 2016,LE LLE
205,0.33333334,1.9261699,301.0,3,session_0,14,3,Zhou 2016,LE LLE
206,0.33774835,2.511464,300.0,3,session_1,14,3,Zhou 2016,LE LLE
207,0.33333334,2.4512618,301.0,3,session_2,14,3,Zhou 2016,LE LLE
208,0.33333334,1.984052,300.0,4,session_0,14,3,Zhou 2016,LE LLE
209,0.33333334,2.5565999,285.0,4,session_1,14,3,Zhou 2016,LE LLE
210,0.33333334,2.628385,285.0,4,session_2,14,3,Zhou 2016,LE LLE
211,0.25,7.794527,288.0,1,session_E,22,2,001-2014,AIR LLE
212,0.25,7.363967,288.0,1,session_T,22,2,001-2014,AIR LLE
213,0.25,7.332363,288.0,2,session_E,22,2,001-2014,AIR LLE
214,0.25,7.506889,288.0,2,session_T,22,2,001-2014,AIR LLE
215,0.25,7.4034452,288.0,3,session_E,22,2,001-2014,AIR LLE
216,0.25,7.7620287,288.0,3,session_T,22,2,001-2014,AIR LLE
217,0.25,7.3615856,288.0,4,session_E,22,2,001-2014,AIR LLE
218,0.25,7.27843,288.0,4,session_T,22,2,001-2014,AIR LLE
219,0.25,7.7830076,288.0,5,session_E,22,2,001-2014,AIR LLE
220,0.25,7.292734,288.0,5,session_T,22,2,001-2014,AIR LLE
221,0.25,7.510722,288.0,6,session_E,22,2,001-2014,AIR LLE
222,0.25,7.616431,288.0,6,session_T,22,2,001-2014,AIR LLE
223,0.25,7.9256787,288.0,7,session_E,22,2,001-2014,AIR LLE
224,0.25,8.445326,288.0,7,session_T,22,2,001-2014,AIR LLE
225,0.25,7.564714,288.0,8,session_E,22,2,001-2014,AIR LLE
226,0.25,7.161109,288.0,8,session_T,22,2,001-2014,AIR LLE
227,0.25,7.4657984,288.0,9,session_E,22,2,001-2014,AIR LLE
228,0.25,8.58459,288.0,9,session_T,22,2,001-2014,AIR LLE
229,0.5,2.169321,200.0,1,session_A,13,2,001-2015,AIR LLE
230,0.5,1.988905,200.0,1,session_B,13,2,001-2015,AIR LLE
231,0.5,2.284978,200.0,2,session_A,13,2,001-2015,AIR LLE
232,0.5,2.601444,200.0,2,session_B,13,2,001-2015,AIR LLE
233,0.5,2.5413063,200.0,3,session_A,13,2,001-2015,AIR LLE
234,0.5,2.298772,200.0,3,session_B,13,2,001-2015,AIR LLE
235,0.5,2.080569,200.0,4,session_A,13,2,001-2015,AIR LLE
236,0.5,2.298834,200.0,4,session_B,13,2,001-2015,AIR LLE
237,0.5,1.9874868,200.0,5,session_A,13,2,001-2015,AIR LLE
238,0.5,2.138062,200.0,5,session_B,13,2,001-2015,AIR LLE
239,0.5,2.214687,200.0,6,session_A,13,2,001-2015,AIR LLE
240,0.5,2.4014618,200.0,6,session_B,13,2,001-2015,AIR LLE
241,0.5,2.448602,200.0,7,session_A,13,2,001-2015,AIR LLE
242,0.5,2.022656,200.0,7,session_B,13,2,001-2015,AIR LLE
243,0.5,5.477729,400.0,8,session_A,13,2,001-2015,AIR LLE
244,0.5,5.29253,400.0,8,session_B,13,2,001-2015,AIR LLE
245,0.5,5.494869,400.0,8,session_C,13,2,001-2015,AIR LLE
246,0.5,5.666195,400.0,9,session_A,13,2,001-2015,AIR LLE
247,0.5,5.1939745,400.0,9,session_B,13,2,001-2015,AIR LLE
248,0.5,5.426643,400.0,9,session_C,13,2,001-2015,AIR LLE
249,0.5,5.671144,400.0,10,session_A,13,2,001-2015,AIR LLE
250,0.5,5.532427,400.0,10,session_B,13,2,001-2015,AIR LLE
251,0.5,6.020817,400.0,10,session_C,13,2,001-2015,AIR LLE
252,0.5,5.4264994,400.0,11,session_A,13,2,001-2015,AIR LLE
253,0.5,5.45718,400.0,11,session_B,13,2,001-2015,AIR LLE
254,0.5,6.0065937,400.0,11,session_C,13,2,001-2015,AIR LLE
255,0.5,2.396048,200.0,12,session_A,13,2,001-2015,AIR LLE
256,0.5,2.082349,200.0,12,session_B,13,2,001-2015,AIR LLE
257,0.5,2.964075,600.0,1,session_0,3,5,004-2014,AIR LLE
258,0.5,7.353386,600.0,1,session_1,3,5,004-2014,AIR LLE
259,0.5,6.3820868,560.0,1,session_2,3,5,004-2014,AIR LLE
260,0.5,2.223443,560.0,1,session_3,3,5,004-2014,AIR LLE
261,0.5,2.990527,560.0,1,session_4,3,5,004-2014,AIR LLE
262,0.5,3.169475,560.0,2,session_0,3,5,004-2014,AIR LLE
263,0.5,2.5738842,560.0,2,session_1,3,5,004-2014,AIR LLE
264,0.5,2.0276558,520.0,2,session_2,3,5,004-2014,AIR LLE
265,0.5,2.746764,560.0,2,session_3,3,5,004-2014,AIR LLE
266,0.5,2.076231,520.0,2,session_4,3,5,004-2014,AIR LLE
267,0.5,2.1686678,600.0,3,session_0,3,5,004-2014,AIR LLE
268,0.5,3.3651578,600.0,3,session_1,3,5,004-2014,AIR LLE
269,0.5,2.6209478,560.0,3,session_2,3,5,004-2014,AIR LLE
270,0.5,1.6916361,560.0,3,session_3,3,5,004-2014,AIR LLE
271,0.5,2.3249679,560.0,3,session_4,3,5,004-2014,AIR LLE
272,0.5,2.886646,620.0,4,session_0,3,5,004-2014,AIR LLE
273,0.5,2.627288,600.0,4,session_1,3,5,004-2014,AIR LLE
274,0.5,1.8693519,580.0,4,session_2,3,5,004-2014,AIR LLE
275,0.5,2.8869283,580.0,4,session_3,3,5,004-2014,AIR LLE
276,0.5,2.831403,580.0,4,session_4,3,5,004-2014,AIR LLE
277,0.5,2.0716429,620.0,5,session_0,3,5,004-2014,AIR LLE
278,0.5,2.1746159,600.0,5,session_1,3,5,004-2014,AIR LLE
279,0.5,3.275276,580.0,5,session_2,3,5,004-2014,AIR LLE
280,0.5,3.014814,580.0,5,session_3,3,5,004-2014,AIR LLE
281,0.5,2.941021,580.0,5,session_4,3,5,004-2014,AIR LLE
282,0.5,2.976365,600.0,6,session_0,3,5,004-2014,AIR LLE
283,0.5,2.416516,600.0,6,session_1,3,5,004-2014,AIR LLE
284,0.5,1.7508843,560.0,6,session_2,3,5,004-2014,AIR LLE
285,0.5,2.05823,560.0,6,session_3,3,5,004-2014,AIR LLE
286,0.5,2.74268,560.0,6,session_4,3,5,004-2014,AIR LLE
287,0.5,3.4837308,600.0,7,session_0,3,5,004-2014,AIR LLE
288,0.5,3.330013,600.0,7,session_1,3,5,004-2014,AIR LLE
289,0.5,2.746967,560.0,7,session_2,3,5,004-2014,AIR LLE
290,0.5,3.1941137,560.0,7,session_3,3,5,004-2014,AIR LLE
291,0.5,1.7143049,560.0,7,session_4,3,5,004-2014,AIR LLE
292,0.5,3.753873,600.0,8,session_0,3,5,004-2014,AIR LLE
293,0.5,3.46487,640.0,8,session_1,3,5,004-2014,AIR LLE
294,0.5,3.4954052,600.0,8,session_2,3,5,004-2014,AIR LLE
295,0.5,2.674377,600.0,8,session_3,3,5,004-2014,AIR LLE
296,0.5,1.9693499,600.0,8,session_4,3,5,004-2014,AIR LLE
297,0.5,1.9319339,600.0,9,session_0,3,5,004-2014,AIR LLE
298,0.5,3.5413282,600.0,9,session_1,3,5,004-2014,AIR LLE
299,0.5,3.290461,560.0,9,session_2,3,5,004-2014,AIR LLE
300,0.5,3.303499,560.0,9,session_3,3,5,004-2014,AIR LLE
301,0.5,2.782419,560.0,9,session_4,3,5,004-2014,AIR LLE
302,0.5,13.401677,100.0,1,session_1,62,2,Lee2019_MI,AIR LLE
303,0.5,10.822311,100.0,1,session_2,62,2,Lee2019_MI,AIR LLE
304,0.5,13.137386,100.0,2,session_1,62,2,Lee2019_MI,AIR LLE
305,0.5,12.68651,100.0,2,session_2,62,2,Lee2019_MI,AIR LLE
306,0.5,11.312995,100.0,3,session_1,62,2,Lee2019_MI,AIR LLE
307,0.5,9.844389,100.0,3,session_2,62,2,Lee2019_MI,AIR LLE
308,0.5,11.36374,100.0,4,session_1,62,2,Lee2019_MI,AIR LLE
309,0.5,12.307394,100.0,4,session_2,62,2,Lee2019_MI,AIR LLE
310,0.5,10.656731,100.0,5,session_1,62,2,Lee2019_MI,AIR LLE
311,0.5,13.177148,100.0,5,session_2,62,2,Lee2019_MI,AIR LLE
312,0.5,19.19255,100.0,6,session_1,62,2,Lee2019_MI,AIR LLE
313,0.5,14.936655,100.0,6,session_2,62,2,Lee2019_MI,AIR LLE
314,0.5,11.681377,100.0,7,session_1,62,2,Lee2019_MI,AIR LLE
315,0.5,10.98151,100.0,7,session_2,62,2,Lee2019_MI,AIR LLE
316,0.5,12.390235,100.0,8,session_1,62,2,Lee2019_MI,AIR LLE
317,0.5,13.092791,100.0,8,session_2,62,2,Lee2019_MI,AIR LLE
318,0.5,13.279219,100.0,9,session_1,62,2,Lee2019_MI,AIR LLE
319,0.5,17.021408,100.0,9,session_2,62,2,Lee2019_MI,AIR LLE
320,0.5,13.824905,100.0,10,session_1,62,2,Lee2019_MI,AIR LLE
321,0.5,12.778004,100.0,10,session_2,62,2,Lee2019_MI,AIR LLE
322,0.5,13.681839,100.0,11,session_1,62,2,Lee2019_MI,AIR LLE
323,0.5,14.028743,100.0,11,session_2,62,2,Lee2019_MI,AIR LLE
324,0.5,11.384716,100.0,12,session_1,62,2,Lee2019_MI,AIR LLE
325,0.5,14.650272,100.0,12,session_2,62,2,Lee2019_MI,AIR LLE
326,0.5,14.322574,100.0,13,session_1,62,2,Lee2019_MI,AIR LLE
327,0.5,10.692436,100.0,13,session_2,62,2,Lee2019_MI,AIR LLE
328,0.5,11.647784,100.0,14,session_1,62,2,Lee2019_MI,AIR LLE
329,0.5,10.937826,100.0,14,session_2,62,2,Lee2019_MI,AIR LLE
330,0.5,10.487999,100.0,15,session_1,62,2,Lee2019_MI,AIR LLE
331,0.5,9.775348,100.0,15,session_2,62,2,Lee2019_MI,AIR LLE
332,0.5,10.485413,100.0,16,session_1,62,2,Lee2019_MI,AIR LLE
333,0.5,11.043074,100.0,16,session_2,62,2,Lee2019_MI,AIR LLE
334,0.5,11.334671,100.0,17,session_1,62,2,Lee2019_MI,AIR LLE
335,0.5,13.484334,100.0,17,session_2,62,2,Lee2019_MI,AIR LLE
336,0.5,11.831161,100.0,18,session_1,62,2,Lee2019_MI,AIR LLE
337,0.5,12.397508,100.0,18,session_2,62,2,Lee2019_MI,AIR LLE
338,0.5,12.240438,100.0,19,session_1,62,2,Lee2019_MI,AIR LLE
339,0.5,13.616332,100.0,19,session_2,62,2,Lee2019_MI,AIR LLE
340,0.5,12.822963,100.0,20,session_1,62,2,Lee2019_MI,AIR LLE
341,0.5,12.343471,100.0,20,session_2,62,2,Lee2019_MI,AIR LLE
342,0.5,10.054651,100.0,21,session_1,62,2,Lee2019_MI,AIR LLE
343,0.5,14.690578,100.0,21,session_2,62,2,Lee2019_MI,AIR LLE
344,0.5,11.582611,100.0,22,session_1,62,2,Lee2019_MI,AIR LLE
345,0.5,13.318916,100.0,22,session_2,62,2,Lee2019_MI,AIR LLE
346,0.5,11.794238,100.0,23,session_1,62,2,Lee2019_MI,AIR LLE
347,0.5,11.970615,100.0,23,session_2,62,2,Lee2019_MI,AIR LLE
348,0.5,10.355941,100.0,24,session_1,62,2,Lee2019_MI,AIR LLE
349,0.5,15.93403,100.0,24,session_2,62,2,Lee2019_MI,AIR LLE
350,0.5,11.444239,100.0,25,session_1,62,2,Lee2019_MI,AIR LLE
351,0.5,12.966315,100.0,25,session_2,62,2,Lee2019_MI,AIR LLE
352,0.5,14.723685,100.0,26,session_1,62,2,Lee2019_MI,AIR LLE
353,0.5,11.723625,100.0,26,session_2,62,2,Lee2019_MI,AIR LLE
354,0.5,11.8123,100.0,27,session_1,62,2,Lee2019_MI,AIR LLE
355,0.5,13.019602,100.0,27,session_2,62,2,Lee2019_MI,AIR LLE
356,0.5,11.937822,100.0,28,session_1,62,2,Lee2019_MI,AIR LLE
357,0.5,12.239835,100.0,28,session_2,62,2,Lee2019_MI,AIR LLE
358,0.5,11.367815,100.0,29,session_1,62,2,Lee2019_MI,AIR LLE
359,0.5,12.759818,100.0,29,session_2,62,2,Lee2019_MI,AIR LLE
360,0.5,12.506425,100.0,30,session_1,62,2,Lee2019_MI,AIR LLE
361,0.5,12.619165,100.0,30,session_2,62,2,Lee2019_MI,AIR LLE
362,0.5,11.891519,100.0,31,session_1,62,2,Lee2019_MI,AIR LLE
363,0.5,15.145348,100.0,31,session_2,62,2,Lee2019_MI,AIR LLE
364,0.5,12.368173,100.0,32,session_1,62,2,Lee2019_MI,AIR LLE
365,0.5,10.435705,100.0,32,session_2,62,2,Lee2019_MI,AIR LLE
366,0.5,13.385754,100.0,33,session_1,62,2,Lee2019_MI,AIR LLE
367,0.5,15.456291,100.0,33,session_2,62,2,Lee2019_MI,AIR LLE
368,0.5,11.012533,100.0,34,session_1,62,2,Lee2019_MI,AIR LLE
369,0.5,13.223515,100.0,34,session_2,62,2,Lee2019_MI,AIR LLE
370,0.5,12.268365,100.0,35,session_1,62,2,Lee2019_MI,AIR LLE
371,0.5,12.652365,100.0,35,session_2,62,2,Lee2019_MI,AIR LLE
372,0.5,12.783284,100.0,36,session_1,62,2,Lee2019_MI,AIR LLE
373,0.5,13.650343,100.0,36,session_2,62,2,Lee2019_MI,AIR LLE
374,0.5,12.204736,100.0,37,session_1,62,2,Lee2019_MI,AIR LLE
375,0.5,17.434656,100.0,37,session_2,62,2,Lee2019_MI,AIR LLE
376,0.5,11.797234,100.0,38,session_1,62,2,Lee2019_MI,AIR LLE
377,0.5,12.157297,100.0,38,session_2,62,2,Lee2019_MI,AIR LLE
378,0.5,12.19305,100.0,39,session_1,62,2,Lee2019_MI,AIR LLE
379,0.5,10.3728075,100.0,39,session_2,62,2,Lee2019_MI,AIR LLE
380,0.5,12.911587,100.0,40,session_1,62,2,Lee2019_MI,AIR LLE
381,0.5,14.713863,100.0,40,session_2,62,2,Lee2019_MI,AIR LLE
382,0.5,12.165055,100.0,41,session_1,62,2,Lee2019_MI,AIR LLE
383,0.5,11.803961,100.0,41,session_2,62,2,Lee2019_MI,AIR LLE
384,0.5,11.580046,100.0,42,session_1,62,2,Lee2019_MI,AIR LLE
385,0.5,12.875422,100.0,42,session_2,62,2,Lee2019_MI,AIR LLE
386,0.5,12.356496,100.0,43,session_1,62,2,Lee2019_MI,AIR LLE
387,0.5,10.362198,100.0,43,session_2,62,2,Lee2019_MI,AIR LLE
388,0.5,13.038849,100.0,44,session_1,62,2,Lee2019_MI,AIR LLE
389,0.5,11.814669,100.0,44,session_2,62,2,Lee2019_MI,AIR LLE
390,0.5,10.917653,100.0,45,session_1,62,2,Lee2019_MI,AIR LLE
391,0.5,11.88497,100.0,45,session_2,62,2,Lee2019_MI,AIR LLE
392,0.5,12.778402,100.0,46,session_1,62,2,Lee2019_MI,AIR LLE
393,0.5,9.385605,100.0,46,session_2,62,2,Lee2019_MI,AIR LLE
394,0.5,11.826514,100.0,47,session_1,62,2,Lee2019_MI,AIR LLE
395,0.5,12.392265,100.0,47,session_2,62,2,Lee2019_MI,AIR LLE
396,0.5,12.763479,100.0,48,session_1,62,2,Lee2019_MI,AIR LLE
397,0.5,11.641996,100.0,48,session_2,62,2,Lee2019_MI,AIR LLE
398,0.5,12.961677,100.0,49,session_1,62,2,Lee2019_MI,AIR LLE
399,0.5,10.119136,100.0,49,session_2,62,2,Lee2019_MI,AIR LLE
400,0.5,13.119743,100.0,50,session_1,62,2,Lee2019_MI,AIR LLE
401,0.5,11.540447,100.0,50,session_2,62,2,Lee2019_MI,AIR LLE
402,0.5,11.948138,100.0,51,session_1,62,2,Lee2019_MI,AIR LLE
403,0.5,11.414478,100.0,51,session_2,62,2,Lee2019_MI,AIR LLE
404,0.5,11.942189,100.0,52,session_1,62,2,Lee2019_MI,AIR LLE
405,0.5,12.147361,100.0,52,session_2,62,2,Lee2019_MI,AIR LLE
406,0.5,12.596655,100.0,53,session_1,62,2,Lee2019_MI,AIR LLE
407,0.5,12.1267805,100.0,53,session_2,62,2,Lee2019_MI,AIR LLE
408,0.5,11.393127,100.0,54,session_1,62,2,Lee2019_MI,AIR LLE
409,0.5,12.852702,100.0,54,session_2,62,2,Lee2019_MI,AIR LLE
410,0.33519554,4.547002,300.0,1,session_0,14,3,Zhou 2016,AIR LLE
411,0.33333334,3.904954,329.0,1,session_1,14,3,Zhou 2016,AIR LLE
412,0.33333334,3.6781578,329.0,1,session_2,14,3,Zhou 2016,AIR LLE
413,0.33333334,3.418817,285.0,2,session_0,14,3,Zhou 2016,AIR LLE
414,0.33333334,3.889868,300.0,2,session_1,14,3,Zhou 2016,AIR LLE
415,0.33333334,3.114111,285.0,2,session_2,14,3,Zhou 2016,AIR LLE
416,0.33333334,3.7391748,301.0,3,session_0,14,3,Zhou 2016,AIR LLE
417,0.33774835,3.435641,300.0,3,session_1,14,3,Zhou 2016,AIR LLE
418,0.33333334,3.3008769,301.0,3,session_2,14,3,Zhou 2016,AIR LLE
419,0.33333334,3.6972241,300.0,4,session_0,14,3,Zhou 2016,AIR LLE
420,0.33333334,3.6801631,285.0,4,session_1,14,3,Zhou 2016,AIR LLE
421,0.33333334,3.278135,285.0,4,session_2,14,3,Zhou 2016,AIR LLE
422,0.25,4.191728,288.0,1,session_E,22,2,001-2014,CLE LLE
423,0.25,3.498249,288.0,1,session_T,22,2,001-2014,CLE LLE
424,0.25,3.5179331,288.0,2,session_E,22,2,001-2014,CLE LLE
425,0.25,3.7511818,288.0,2,session_T,22,2,001-2014,CLE LLE
426,0.25,3.6801429,288.0,3,session_E,22,2,001-2014,CLE LLE
427,0.25,3.5679722,288.0,3,session_T,22,2,001-2014,CLE LLE
428,0.25,3.956906,288.0,4,session_E,22,2,001-2014,CLE LLE
429,0.25,3.763503,288.0,4,session_T,22,2,001-2014,CLE LLE
430,0.25,3.517084,288.0,5,session_E,22,2,001-2014,CLE LLE
431,0.25,4.3573313,288.0,5,session_T,22,2,001-2014,CLE LLE
432,0.25,4.879588,288.0,6,session_E,22,2,001-2014,CLE LLE
433,0.25,3.71309,288.0,6,session_T,22,2,001-2014,CLE LLE
434,0.25,4.291808,288.0,7,session_E,22,2,001-2014,CLE LLE
435,0.25,3.809098,288.0,7,session_T,22,2,001-2014,CLE LLE
436,0.25,3.639422,288.0,8,session_E,22,2,001-2014,CLE LLE
437,0.25,3.939375,288.0,8,session_T,22,2,001-2014,CLE LLE
438,0.25,3.615852,288.0,9,session_E,22,2,001-2014,CLE LLE
439,0.25,3.39143,288.0,9,session_T,22,2,001-2014,CLE LLE
440,0.5,1.6118929,200.0,1,session_A,13,2,001-2015,CLE LLE
441,0.5,1.8933,200.0,1,session_B,13,2,001-2015,CLE LLE
442,0.5,2.102882,200.0,2,session_A,13,2,001-2015,CLE LLE
443,0.5,1.333781,200.0,2,session_B,13,2,001-2015,CLE LLE
444,0.5,1.3904257,200.0,3,session_A,13,2,001-2015,CLE LLE
445,0.5,1.506186,200.0,3,session_B,13,2,001-2015,CLE LLE
446,0.5,1.9370787,200.0,4,session_A,13,2,001-2015,CLE LLE
447,0.5,2.251359,200.0,4,session_B,13,2,001-2015,CLE LLE
448,0.5,1.888288,200.0,5,session_A,13,2,001-2015,CLE LLE
449,0.5,1.3682139,200.0,5,session_B,13,2,001-2015,CLE LLE
450,0.5,1.439527,200.0,6,session_A,13,2,001-2015,CLE LLE
451,0.5,1.6153891,200.0,6,session_B,13,2,001-2015,CLE LLE
452,0.5,1.5366452,200.0,7,session_A,13,2,001-2015,CLE LLE
453,0.5,1.6878211,200.0,7,session_B,13,2,001-2015,CLE LLE
454,0.5,3.715629,400.0,8,session_A,13,2,001-2015,CLE LLE
455,0.5,2.794528,400.0,8,session_B,13,2,001-2015,CLE LLE
456,0.5,2.913617,400.0,8,session_C,13,2,001-2015,CLE LLE
457,0.5,3.324052,400.0,9,session_A,13,2,001-2015,CLE LLE
458,0.5,3.5648031,400.0,9,session_B,13,2,001-2015,CLE LLE
459,0.5,3.765301,400.0,9,session_C,13,2,001-2015,CLE LLE
460,0.5,3.55764,400.0,10,session_A,13,2,001-2015,CLE LLE
461,0.5,3.3106859,400.0,10,session_B,13,2,001-2015,CLE LLE
462,0.5,2.802821,400.0,10,session_C,13,2,001-2015,CLE LLE
463,0.5,4.661804,400.0,11,session_A,13,2,001-2015,CLE LLE
464,0.5,3.8350787,400.0,11,session_B,13,2,001-2015,CLE LLE
465,0.5,2.902478,400.0,11,session_C,13,2,001-2015,CLE LLE
466,0.5,1.8356643,200.0,12,session_A,13,2,001-2015,CLE LLE
467,0.5,1.621773,200.0,12,session_B,13,2,001-2015,CLE LLE
468,0.5,3.2787547,600.0,1,session_0,3,5,004-2014,CLE LLE
469,0.5,2.803023,600.0,1,session_1,3,5,004-2014,CLE LLE
470,0.5,2.916988,560.0,1,session_2,3,5,004-2014,CLE LLE
471,0.5,1.7926471,560.0,1,session_3,3,5,004-2014,CLE LLE
472,0.5,2.774673,560.0,1,session_4,3,5,004-2014,CLE LLE
473,0.5,3.00065,560.0,2,session_0,3,5,004-2014,CLE LLE
474,0.5,2.6740468,560.0,2,session_1,3,5,004-2014,CLE LLE
475,0.5,1.7447181,520.0,2,session_2,3,5,004-2014,CLE LLE
476,0.5,4.476378,560.0,2,session_3,3,5,004-2014,CLE LLE
477,0.5,3.602968,520.0,2,session_4,3,5,004-2014,CLE LLE
478,0.5,3.8863091,600.0,3,session_0,3,5,004-2014,CLE LLE
479,0.5,3.560306,600.0,3,session_1,3,5,004-2014,CLE LLE
480,0.5,3.509911,560.0,3,session_2,3,5,004-2014,CLE LLE
481,0.5,2.782461,560.0,3,session_3,3,5,004-2014,CLE LLE
482,0.5,2.799722,560.0,3,session_4,3,5,004-2014,CLE LLE
483,0.5,3.3723972,620.0,4,session_0,3,5,004-2014,CLE LLE
484,0.5,2.868297,600.0,4,session_1,3,5,004-2014,CLE LLE
485,0.5,3.5923388,580.0,4,session_2,3,5,004-2014,CLE LLE
486,0.5,2.81922,580.0,4,session_3,3,5,004-2014,CLE LLE
487,0.5,1.6292529,580.0,4,session_4,3,5,004-2014,CLE LLE
488,0.5,2.964472,620.0,5,session_0,3,5,004-2014,CLE LLE
489,0.5,3.173865,600.0,5,session_1,3,5,004-2014,CLE LLE
490,0.5,1.6723907,580.0,5,session_2,3,5,004-2014,CLE LLE
491,0.5,2.882666,580.0,5,session_3,3,5,004-2014,CLE LLE
492,0.5,2.231741,580.0,5,session_4,3,5,004-2014,CLE LLE
493,0.5,2.6557398,600.0,6,session_0,3,5,004-2014,CLE LLE
494,0.5,1.841058,600.0,6,session_1,3,5,004-2014,CLE LLE
495,0.5,2.8588111,560.0,6,session_2,3,5,004-2014,CLE LLE
496,0.5,2.925444,560.0,6,session_3,3,5,004-2014,CLE LLE
497,0.5,1.606878,560.0,6,session_4,3,5,004-2014,CLE LLE
498,0.5,3.0733871,600.0,7,session_0,3,5,004-2014,CLE LLE
499,0.5,2.1211183,600.0,7,session_1,3,5,004-2014,CLE LLE
500,0.5,3.2523048,560.0,7,session_2,3,5,004-2014,CLE LLE
501,0.5,3.135407,560.0,7,session_3,3,5,004-2014,CLE LLE
502,0.5,1.6807578,560.0,7,session_4,3,5,004-2014,CLE LLE
503,0.5,2.2551038,600.0,8,session_0,3,5,004-2014,CLE LLE
504,0.5,3.2791579,640.0,8,session_1,3,5,004-2014,CLE LLE
505,0.5,2.1369371,600.0,8,session_2,3,5,004-2014,CLE LLE
506,0.5,3.0721803,600.0,8,session_3,3,5,004-2014,CLE LLE
507,0.5,3.59265,600.0,8,session_4,3,5,004-2014,CLE LLE
508,0.5,2.893817,600.0,9,session_0,3,5,004-2014,CLE LLE
509,0.5,2.4070399,600.0,9,session_1,3,5,004-2014,CLE LLE
510,0.5,1.6420319,560.0,9,session_2,3,5,004-2014,CLE LLE
511,0.5,2.932891,560.0,9,session_3,3,5,004-2014,CLE LLE
512,0.5,2.891353,560.0,9,session_4,3,5,004-2014,CLE LLE
513,0.5,7.4600306,100.0,1,session_1,62,2,Lee2019_MI,CLE LLE
514,0.5,8.374909,100.0,1,session_2,62,2,Lee2019_MI,CLE LLE
515,0.5,7.369337,100.0,2,session_1,62,2,Lee2019_MI,CLE LLE
516,0.5,9.028118,100.0,2,session_2,62,2,Lee2019_MI,CLE LLE
517,0.5,8.413308,100.0,3,session_1,62,2,Lee2019_MI,CLE LLE
518,0.5,6.2573757,100.0,3,session_2,62,2,Lee2019_MI,CLE LLE
519,0.5,7.839086,100.0,4,session_1,62,2,Lee2019_MI,CLE LLE
520,0.5,7.3834887,100.0,4,session_2,62,2,Lee2019_MI,CLE LLE
521,0.5,7.423485,100.0,5,session_1,62,2,Lee2019_MI,CLE LLE
522,0.5,12.701887,100.0,5,session_2,62,2,Lee2019_MI,CLE LLE
523,0.5,11.807844,100.0,6,session_1,62,2,Lee2019_MI,CLE LLE
524,0.5,11.552719,100.0,6,session_2,62,2,Lee2019_MI,CLE LLE
525,0.5,7.416671,100.0,7,session_1,62,2,Lee2019_MI,CLE LLE
526,0.5,6.923807,100.0,7,session_2,62,2,Lee2019_MI,CLE LLE
527,0.5,7.530452,100.0,8,session_1,62,2,Lee2019_MI,CLE LLE
528,0.5,7.4239902,100.0,8,session_2,62,2,Lee2019_MI,CLE LLE
529,0.5,9.371023,100.0,9,session_1,62,2,Lee2019_MI,CLE LLE
530,0.5,7.857287,100.0,9,session_2,62,2,Lee2019_MI,CLE LLE
531,0.5,10.229324,100.0,10,session_1,62,2,Lee2019_MI,CLE LLE
532,0.5,11.676073,100.0,10,session_2,62,2,Lee2019_MI,CLE LLE
533,0.5,13.407613,100.0,11,session_1,62,2,Lee2019_MI,CLE LLE
534,0.5,12.778091,100.0,11,session_2,62,2,Lee2019_MI,CLE LLE
535,0.5,5.670321,100.0,12,session_1,62,2,Lee2019_MI,CLE LLE
536,0.5,6.547993,100.0,12,session_2,62,2,Lee2019_MI,CLE LLE
537,0.5,7.738159,100.0,13,session_1,62,2,Lee2019_MI,CLE LLE
538,0.5,10.795309,100.0,13,session_2,62,2,Lee2019_MI,CLE LLE
539,0.5,6.3055296,100.0,14,session_1,62,2,Lee2019_MI,CLE LLE
540,0.5,6.721361,100.0,14,session_2,62,2,Lee2019_MI,CLE LLE
541,0.5,6.5043488,100.0,15,session_1,62,2,Lee2019_MI,CLE LLE
542,0.5,6.4946175,100.0,15,session_2,62,2,Lee2019_MI,CLE LLE
543,0.5,5.7460113,100.0,16,session_1,62,2,Lee2019_MI,CLE LLE
544,0.5,5.5834665,100.0,16,session_2,62,2,Lee2019_MI,CLE LLE
545,0.5,7.472291,100.0,17,session_1,62,2,Lee2019_MI,CLE LLE
546,0.5,5.60709,100.0,17,session_2,62,2,Lee2019_MI,CLE LLE
547,0.5,19.66865,100.0,18,session_1,62,2,Lee2019_MI,CLE LLE
548,0.5,9.172143,100.0,18,session_2,62,2,Lee2019_MI,CLE LLE
549,0.5,9.468228,100.0,19,session_1,62,2,Lee2019_MI,CLE LLE
550,0.5,7.207845,100.0,19,session_2,62,2,Lee2019_MI,CLE LLE
551,0.5,6.612182,100.0,20,session_1,62,2,Lee2019_MI,CLE LLE
552,0.5,7.462911,100.0,20,session_2,62,2,Lee2019_MI,CLE LLE
553,0.5,8.379184,100.0,21,session_1,62,2,Lee2019_MI,CLE LLE
554,0.5,6.0291553,100.0,21,session_2,62,2,Lee2019_MI,CLE LLE
555,0.5,6.429771,100.0,22,session_1,62,2,Lee2019_MI,CLE LLE
556,0.5,6.482563,100.0,22,session_2,62,2,Lee2019_MI,CLE LLE
557,0.5,6.566155,100.0,23,session_1,62,2,Lee2019_MI,CLE LLE
558,0.5,6.5069823,100.0,23,session_2,62,2,Lee2019_MI,CLE LLE
559,0.5,6.6198683,100.0,24,session_1,62,2,Lee2019_MI,CLE LLE
560,0.5,7.095193,100.0,24,session_2,62,2,Lee2019_MI,CLE LLE
561,0.5,6.744189,100.0,25,session_1,62,2,Lee2019_MI,CLE LLE
562,0.5,6.7579193,100.0,25,session_2,62,2,Lee2019_MI,CLE LLE
563,0.5,7.58782,100.0,26,session_1,62,2,Lee2019_MI,CLE LLE
564,0.5,9.593126,100.0,26,session_2,62,2,Lee2019_MI,CLE LLE
565,0.5,7.2660866,100.0,27,session_1,62,2,Lee2019_MI,CLE LLE
566,0.5,7.41683,100.0,27,session_2,62,2,Lee2019_MI,CLE LLE
567,0.5,7.51194,100.0,28,session_1,62,2,Lee2019_MI,CLE LLE
568,0.5,9.05334,100.0,28,session_2,62,2,Lee2019_MI,CLE LLE
569,0.5,7.1109457,100.0,29,session_1,62,2,Lee2019_MI,CLE LLE
570,0.5,7.590477,100.0,29,session_2,62,2,Lee2019_MI,CLE LLE
571,0.5,7.189063,100.0,30,session_1,62,2,Lee2019_MI,CLE LLE
572,0.5,7.336625,100.0,30,session_2,62,2,Lee2019_MI,CLE LLE
573,0.5,7.593857,100.0,31,session_1,62,2,Lee2019_MI,CLE LLE
574,0.5,6.608946,100.0,31,session_2,62,2,Lee2019_MI,CLE LLE
575,0.5,6.975214,100.0,32,session_1,62,2,Lee2019_MI,CLE LLE
576,0.5,6.785523,100.0,32,session_2,62,2,Lee2019_MI,CLE LLE
577,0.5,7.5288887,100.0,33,session_1,62,2,Lee2019_MI,CLE LLE
578,0.5,7.795685,100.0,33,session_2,62,2,Lee2019_MI,CLE LLE
579,0.5,6.871951,100.0,34,session_1,62,2,Lee2019_MI,CLE LLE
580,0.5,7.281339,100.0,34,session_2,62,2,Lee2019_MI,CLE LLE
581,0.5,7.1144247,100.0,35,session_1,62,2,Lee2019_MI,CLE LLE
582,0.5,6.342319,100.0,35,session_2,62,2,Lee2019_MI,CLE LLE
583,0.5,7.275991,100.0,36,session_1,62,2,Lee2019_MI,CLE LLE
584,0.5,7.507543,100.0,36,session_2,62,2,Lee2019_MI,CLE LLE
585,0.5,6.227286,100.0,37,session_1,62,2,Lee2019_MI,CLE LLE
586,0.5,6.998723,100.0,37,session_2,62,2,Lee2019_MI,CLE LLE
587,0.5,7.160213,100.0,38,session_1,62,2,Lee2019_MI,CLE LLE
588,0.5,7.134339,100.0,38,session_2,62,2,Lee2019_MI,CLE LLE
589,0.5,7.450522,100.0,39,session_1,62,2,Lee2019_MI,CLE LLE
590,0.5,7.308239,100.0,39,session_2,62,2,Lee2019_MI,CLE LLE
591,0.5,7.176206,100.0,40,session_1,62,2,Lee2019_MI,CLE LLE
592,0.5,7.146615,100.0,40,session_2,62,2,Lee2019_MI,CLE LLE
593,0.5,6.8096027,100.0,41,session_1,62,2,Lee2019_MI,CLE LLE
594,0.5,7.2016068,100.0,41,session_2,62,2,Lee2019_MI,CLE LLE
595,0.5,7.828924,100.0,42,session_1,62,2,Lee2019_MI,CLE LLE
596,0.5,11.653902,100.0,42,session_2,62,2,Lee2019_MI,CLE LLE
597,0.5,7.4119053,100.0,43,session_1,62,2,Lee2019_MI,CLE LLE
598,0.5,7.712823,100.0,43,session_2,62,2,Lee2019_MI,CLE LLE
599,0.5,6.2387705,100.0,44,session_1,62,2,Lee2019_MI,CLE LLE
600,0.5,8.454256,100.0,44,session_2,62,2,Lee2019_MI,CLE LLE
601,0.5,6.3773127,100.0,45,session_1,62,2,Lee2019_MI,CLE LLE
602,0.5,8.620841,100.0,45,session_2,62,2,Lee2019_MI,CLE LLE
603,0.5,8.034866,100.0,46,session_1,62,2,Lee2019_MI,CLE LLE
604,0.5,9.949738,100.0,46,session_2,62,2,Lee2019_MI,CLE LLE
605,0.5,8.138003,100.0,47,session_1,62,2,Lee2019_MI,CLE LLE
606,0.5,6.321904,100.0,47,session_2,62,2,Lee2019_MI,CLE LLE
607,0.5,7.723074,100.0,48,session_1,62,2,Lee2019_MI,CLE LLE
608,0.5,7.343478,100.0,48,session_2,62,2,Lee2019_MI,CLE LLE
609,0.5,7.802643,100.0,49,session_1,62,2,Lee2019_MI,CLE LLE
610,0.5,7.532839,100.0,49,session_2,62,2,Lee2019_MI,CLE LLE
611,0.5,7.821706,100.0,50,session_1,62,2,Lee2019_MI,CLE LLE
612,0.5,7.7300234,100.0,50,session_2,62,2,Lee2019_MI,CLE LLE
613,0.5,6.273672,100.0,51,session_1,62,2,Lee2019_MI,CLE LLE
614,0.5,7.026098,100.0,51,session_2,62,2,Lee2019_MI,CLE LLE
615,0.5,6.284962,100.0,52,session_1,62,2,Lee2019_MI,CLE LLE
616,0.5,7.04871,100.0,52,session_2,62,2,Lee2019_MI,CLE LLE
617,0.5,6.7655888,100.0,53,session_1,62,2,Lee2019_MI,CLE LLE
618,0.5,6.003479,100.0,53,session_2,62,2,Lee2019_MI,CLE LLE
619,0.5,6.308172,100.0,54,session_1,62,2,Lee2019_MI,CLE LLE
620,0.5,6.902548,100.0,54,session_2,62,2,Lee2019_MI,CLE LLE
621,0.33519554,2.703049,300.0,1,session_0,14,3,Zhou 2016,CLE LLE
622,0.33333334,2.272169,329.0,1,session_1,14,3,Zhou 2016,CLE LLE
623,0.33333334,2.359263,329.0,1,session_2,14,3,Zhou 2016,CLE LLE
624,0.33333334,2.049423,285.0,2,session_0,14,3,Zhou 2016,CLE LLE
625,0.33333334,2.391235,300.0,2,session_1,14,3,Zhou 2016,CLE LLE
626,0.33333334,1.858818,285.0,2,session_2,14,3,Zhou 2016,CLE LLE
627,0.33333334,2.8903801,301.0,3,session_0,14,3,Zhou 2016,CLE LLE
628,0.33774835,2.328979,300.0,3,session_1,14,3,Zhou 2016,CLE LLE
629,0.33333334,1.870703,301.0,3,session_2,14,3,Zhou 2016,CLE LLE
630,0.33333334,2.5454712,300.0,4,session_0,14,3,Zhou 2016,CLE LLE
631,0.33333334,1.933717,285.0,4,session_1,14,3,Zhou 2016,CLE LLE
632,0.33333334,1.789047,285.0,4,session_2,14,3,Zhou 2016,CLE LLE
633,0.25,3.8768501,288.0,1,session_E,22,2,001-2014,GLE LLE
634,0.25,3.9162302,288.0,1,session_T,22,2,001-2014,GLE LLE
635,0.25,3.7437892,288.0,2,session_E,22,2,001-2014,GLE LLE
636,0.25,4.2892213,288.0,2,session_T,22,2,001-2014,GLE LLE
637,0.25,3.521363,288.0,3,session_E,22,2,001-2014,GLE LLE
638,0.25,3.886078,288.0,3,session_T,22,2,001-2014,GLE LLE
639,0.25,4.311508,288.0,4,session_E,22,2,001-2014,GLE LLE
640,0.25,3.794324,288.0,4,session_T,22,2,001-2014,GLE LLE
641,0.25,3.475326,288.0,5,session_E,22,2,001-2014,GLE LLE
642,0.25,3.57598,288.0,5,session_T,22,2,001-2014,GLE LLE
643,0.25,3.885629,288.0,6,session_E,22,2,001-2014,GLE LLE
644,0.25,4.652467,288.0,6,session_T,22,2,001-2014,GLE LLE
645,0.25,5.191759,288.0,7,session_E,22,2,001-2014,GLE LLE
646,0.25,3.82002,288.0,7,session_T,22,2,001-2014,GLE LLE
647,0.25,3.7517061,288.0,8,session_E,22,2,001-2014,GLE LLE
648,0.25,3.898583,288.0,8,session_T,22,2,001-2014,GLE LLE
649,0.25,3.543666,288.0,9,session_E,22,2,001-2014,GLE LLE
650,0.25,3.377192,288.0,9,session_T,22,2,001-2014,GLE LLE
651,0.5,1.897778,200.0,1,session_A,13,2,001-2015,GLE LLE
652,0.5,1.4329278,200.0,1,session_B,13,2,001-2015,GLE LLE
653,0.5,1.7196939,200.0,2,session_A,13,2,001-2015,GLE LLE
654,0.5,1.4027169,200.0,2,session_B,13,2,001-2015,GLE LLE
655,0.5,1.7508368,200.0,3,session_A,13,2,001-2015,GLE LLE
656,0.5,1.9553208,200.0,3,session_B,13,2,001-2015,GLE LLE
657,0.5,1.938844,200.0,4,session_A,13,2,001-2015,GLE LLE
658,0.5,1.4812002,200.0,4,session_B,13,2,001-2015,GLE LLE
659,0.5,2.0829601,200.0,5,session_A,13,2,001-2015,GLE LLE
660,0.5,1.368926,200.0,5,session_B,13,2,001-2015,GLE LLE
661,0.5,1.3749719,200.0,6,session_A,13,2,001-2015,GLE LLE
662,0.5,1.5751171,200.0,6,session_B,13,2,001-2015,GLE LLE
663,0.5,1.774473,200.0,7,session_A,13,2,001-2015,GLE LLE
664,0.5,1.5556719,200.0,7,session_B,13,2,001-2015,GLE LLE
665,0.5,3.0409732,400.0,8,session_A,13,2,001-2015,GLE LLE
666,0.5,2.781814,400.0,8,session_B,13,2,001-2015,GLE LLE
667,0.5,3.1511397,400.0,8,session_C,13,2,001-2015,GLE LLE
668,0.5,3.614835,400.0,9,session_A,13,2,001-2015,GLE LLE
669,0.5,3.275393,400.0,9,session_B,13,2,001-2015,GLE LLE
670,0.5,3.5913563,400.0,9,session_C,13,2,001-2015,GLE LLE
671,0.5,3.2490299,400.0,10,session_A,13,2,001-2015,GLE LLE
672,0.5,3.3312228,400.0,10,session_B,13,2,001-2015,GLE LLE
673,0.5,3.234241,400.0,10,session_C,13,2,001-2015,GLE LLE
674,0.5,3.235831,400.0,11,session_A,13,2,001-2015,GLE LLE
675,0.5,3.077864,400.0,11,session_B,13,2,001-2015,GLE LLE
676,0.5,3.3676941,400.0,11,session_C,13,2,001-2015,GLE LLE
677,0.5,1.9868469,200.0,12,session_A,13,2,001-2015,GLE LLE
678,0.5,1.4248462,200.0,12,session_B,13,2,001-2015,GLE LLE
679,0.5,3.147992,600.0,1,session_0,3,5,004-2014,GLE LLE
680,0.5,2.003662,600.0,1,session_1,3,5,004-2014,GLE LLE
681,0.5,2.8801348,560.0,1,session_2,3,5,004-2014,GLE LLE
682,0.5,3.482099,560.0,1,session_3,3,5,004-2014,GLE LLE
683,0.5,2.8665957,560.0,1,session_4,3,5,004-2014,GLE LLE
684,0.5,2.776534,560.0,2,session_0,3,5,004-2014,GLE LLE
685,0.5,4.2982693,560.0,2,session_1,3,5,004-2014,GLE LLE
686,0.5,2.800043,520.0,2,session_2,3,5,004-2014,GLE LLE
687,0.5,5.446876,560.0,2,session_3,3,5,004-2014,GLE LLE
688,0.5,2.54584,520.0,2,session_4,3,5,004-2014,GLE LLE
689,0.5,4.3062887,600.0,3,session_0,3,5,004-2014,GLE LLE
690,0.5,3.4501228,600.0,3,session_1,3,5,004-2014,GLE LLE
691,0.5,3.025465,560.0,3,session_2,3,5,004-2014,GLE LLE
692,0.5,3.52616,560.0,3,session_3,3,5,004-2014,GLE LLE
693,0.5,2.706583,560.0,3,session_4,3,5,004-2014,GLE LLE
694,0.5,3.338057,620.0,4,session_0,3,5,004-2014,GLE LLE
695,0.5,3.1187541,600.0,4,session_1,3,5,004-2014,GLE LLE
696,0.5,1.94963,580.0,4,session_2,3,5,004-2014,GLE LLE
697,0.5,2.474157,580.0,4,session_3,3,5,004-2014,GLE LLE
698,0.5,3.677295,580.0,4,session_4,3,5,004-2014,GLE LLE
699,0.5,2.2916532,620.0,5,session_0,3,5,004-2014,GLE LLE
700,0.5,2.7337542,600.0,5,session_1,3,5,004-2014,GLE LLE
701,0.5,2.6807978,580.0,5,session_2,3,5,004-2014,GLE LLE
702,0.5,2.0156972,580.0,5,session_3,3,5,004-2014,GLE LLE
703,0.5,2.676175,580.0,5,session_4,3,5,004-2014,GLE LLE
704,0.5,2.240877,600.0,6,session_0,3,5,004-2014,GLE LLE
705,0.5,3.355989,600.0,6,session_1,3,5,004-2014,GLE LLE
706,0.5,2.522944,560.0,6,session_2,3,5,004-2014,GLE LLE
707,0.5,1.893225,560.0,6,session_3,3,5,004-2014,GLE LLE
708,0.5,2.962775,560.0,6,session_4,3,5,004-2014,GLE LLE
709,0.5,3.2598279,600.0,7,session_0,3,5,004-2014,GLE LLE
710,0.5,3.4083803,600.0,7,session_1,3,5,004-2014,GLE LLE
711,0.5,3.2519178,560.0,7,session_2,3,5,004-2014,GLE LLE
712,0.5,2.7132022,560.0,7,session_3,3,5,004-2014,GLE LLE
713,0.5,1.949919,560.0,7,session_4,3,5,004-2014,GLE LLE
714,0.5,2.8894598,600.0,8,session_0,3,5,004-2014,GLE LLE
715,0.5,3.533054,640.0,8,session_1,3,5,004-2014,GLE LLE
716,0.5,3.614625,600.0,8,session_2,3,5,004-2014,GLE LLE
717,0.5,3.2591732,600.0,8,session_3,3,5,004-2014,GLE LLE
718,0.5,3.084729,600.0,8,session_4,3,5,004-2014,GLE LLE
719,0.5,2.135033,600.0,9,session_0,3,5,004-2014,GLE LLE
720,0.5,4.004663,600.0,9,session_1,3,5,004-2014,GLE LLE
721,0.5,2.5801718,560.0,9,session_2,3,5,004-2014,GLE LLE
722,0.5,3.0684972,560.0,9,session_3,3,5,004-2014,GLE LLE
723,0.5,2.860758,560.0,9,session_4,3,5,004-2014,GLE LLE
724,0.5,7.4886,100.0,1,session_1,62,2,Lee2019_MI,GLE LLE
725,0.5,8.174091,100.0,1,session_2,62,2,Lee2019_MI,GLE LLE
726,0.5,19.663954,100.0,2,session_1,62,2,Lee2019_MI,GLE LLE
727,0.5,9.865888,100.0,2,session_2,62,2,Lee2019_MI,GLE LLE
728,0.5,9.7803,100.0,3,session_1,62,2,Lee2019_MI,GLE LLE
729,0.5,9.915617,100.0,3,session_2,62,2,Lee2019_MI,GLE LLE
730,0.5,8.558844,100.0,4,session_1,62,2,Lee2019_MI,GLE LLE
731,0.5,8.606413,100.0,4,session_2,62,2,Lee2019_MI,GLE LLE
732,0.5,7.163495,100.0,5,session_1,62,2,Lee2019_MI,GLE LLE
733,0.5,13.560907,100.0,5,session_2,62,2,Lee2019_MI,GLE LLE
734,0.5,7.683155,100.0,6,session_1,62,2,Lee2019_MI,GLE LLE
735,0.5,5.9677343,100.0,6,session_2,62,2,Lee2019_MI,GLE LLE
736,0.5,8.640879,100.0,7,session_1,62,2,Lee2019_MI,GLE LLE
737,0.5,10.104483,100.0,7,session_2,62,2,Lee2019_MI,GLE LLE
738,0.5,8.629004,100.0,8,session_1,62,2,Lee2019_MI,GLE LLE
739,0.5,7.8843107,100.0,8,session_2,62,2,Lee2019_MI,GLE LLE
740,0.5,7.808446,100.0,9,session_1,62,2,Lee2019_MI,GLE LLE
741,0.5,7.485867,100.0,9,session_2,62,2,Lee2019_MI,GLE LLE
742,0.5,8.97491,100.0,10,session_1,62,2,Lee2019_MI,GLE LLE
743,0.5,7.891859,100.0,10,session_2,62,2,Lee2019_MI,GLE LLE
744,0.5,8.065189,100.0,11,session_1,62,2,Lee2019_MI,GLE LLE
745,0.5,13.882713,100.0,11,session_2,62,2,Lee2019_MI,GLE LLE
746,0.5,7.719516,100.0,12,session_1,62,2,Lee2019_MI,GLE LLE
747,0.5,6.147753,100.0,12,session_2,62,2,Lee2019_MI,GLE LLE
748,0.5,7.574415,100.0,13,session_1,62,2,Lee2019_MI,GLE LLE
749,0.5,6.227264,100.0,13,session_2,62,2,Lee2019_MI,GLE LLE
750,0.5,10.6004925,100.0,14,session_1,62,2,Lee2019_MI,GLE LLE
751,0.5,8.141165,100.0,14,session_2,62,2,Lee2019_MI,GLE LLE
752,0.5,6.657277,100.0,15,session_1,62,2,Lee2019_MI,GLE LLE
753,0.5,5.6868944,100.0,15,session_2,62,2,Lee2019_MI,GLE LLE
754,0.5,7.096168,100.0,16,session_1,62,2,Lee2019_MI,GLE LLE
755,0.5,7.672408,100.0,16,session_2,62,2,Lee2019_MI,GLE LLE
756,0.5,7.8439293,100.0,17,session_1,62,2,Lee2019_MI,GLE LLE
757,0.5,7.3479347,100.0,17,session_2,62,2,Lee2019_MI,GLE LLE
758,0.5,8.114899,100.0,18,session_1,62,2,Lee2019_MI,GLE LLE
759,0.5,8.043479,100.0,18,session_2,62,2,Lee2019_MI,GLE LLE
760,0.5,8.333455,100.0,19,session_1,62,2,Lee2019_MI,GLE LLE
761,0.5,8.267211,100.0,19,session_2,62,2,Lee2019_MI,GLE LLE
762,0.5,7.9811335,100.0,20,session_1,62,2,Lee2019_MI,GLE LLE
763,0.5,8.694087,100.0,20,session_2,62,2,Lee2019_MI,GLE LLE
764,0.5,7.968305,100.0,21,session_1,62,2,Lee2019_MI,GLE LLE
765,0.5,7.303954,100.0,21,session_2,62,2,Lee2019_MI,GLE LLE
766,0.5,7.3467283,100.0,22,session_1,62,2,Lee2019_MI,GLE LLE
767,0.5,6.36735,100.0,22,session_2,62,2,Lee2019_MI,GLE LLE
768,0.5,7.997852,100.0,23,session_1,62,2,Lee2019_MI,GLE LLE
769,0.5,6.157543,100.0,23,session_2,62,2,Lee2019_MI,GLE LLE
770,0.5,8.374044,100.0,24,session_1,62,2,Lee2019_MI,GLE LLE
771,0.5,6.042839,100.0,24,session_2,62,2,Lee2019_MI,GLE LLE
772,0.5,7.95825,100.0,25,session_1,62,2,Lee2019_MI,GLE LLE
773,0.5,6.775588,100.0,25,session_2,62,2,Lee2019_MI,GLE LLE
774,0.5,8.493,100.0,26,session_1,62,2,Lee2019_MI,GLE LLE
775,0.5,5.902068,100.0,26,session_2,62,2,Lee2019_MI,GLE LLE
776,0.5,8.382868,100.0,27,session_1,62,2,Lee2019_MI,GLE LLE
777,0.5,6.8196692,100.0,27,session_2,62,2,Lee2019_MI,GLE LLE
778,0.5,7.64275,100.0,28,session_1,62,2,Lee2019_MI,GLE LLE
779,0.5,7.270791,100.0,28,session_2,62,2,Lee2019_MI,GLE LLE
780,0.5,8.518681,100.0,29,session_1,62,2,Lee2019_MI,GLE LLE
781,0.5,6.117879,100.0,29,session_2,62,2,Lee2019_MI,GLE LLE
782,0.5,8.736202,100.0,30,session_1,62,2,Lee2019_MI,GLE LLE
783,0.5,8.197237,100.0,30,session_2,62,2,Lee2019_MI,GLE LLE
784,0.5,7.6779575,100.0,31,session_1,62,2,Lee2019_MI,GLE LLE
785,0.5,7.194539,100.0,31,session_2,62,2,Lee2019_MI,GLE LLE
786,0.5,7.7704782,100.0,32,session_1,62,2,Lee2019_MI,GLE LLE
787,0.5,7.8369207,100.0,32,session_2,62,2,Lee2019_MI,GLE LLE
788,0.5,7.695898,100.0,33,session_1,62,2,Lee2019_MI,GLE LLE
789,0.5,7.64984,100.0,33,session_2,62,2,Lee2019_MI,GLE LLE
790,0.5,8.143126,100.0,34,session_1,62,2,Lee2019_MI,GLE LLE
791,0.5,6.233616,100.0,34,session_2,62,2,Lee2019_MI,GLE LLE
792,0.5,7.8322153,100.0,35,session_1,62,2,Lee2019_MI,GLE LLE
793,0.5,5.947136,100.0,35,session_2,62,2,Lee2019_MI,GLE LLE
794,0.5,9.020837,100.0,36,session_1,62,2,Lee2019_MI,GLE LLE
795,0.5,7.9613504,100.0,36,session_2,62,2,Lee2019_MI,GLE LLE
796,0.5,11.242868,100.0,37,session_1,62,2,Lee2019_MI,GLE LLE
797,0.5,7.1385546,100.0,37,session_2,62,2,Lee2019_MI,GLE LLE
798,0.5,7.845649,100.0,38,session_1,62,2,Lee2019_MI,GLE LLE
799,0.5,7.486348,100.0,38,session_2,62,2,Lee2019_MI,GLE LLE
800,0.5,6.493468,100.0,39,session_1,62,2,Lee2019_MI,GLE LLE
801,0.5,12.422041,100.0,39,session_2,62,2,Lee2019_MI,GLE LLE
802,0.5,9.36445,100.0,40,session_1,62,2,Lee2019_MI,GLE LLE
803,0.5,7.7941675,100.0,40,session_2,62,2,Lee2019_MI,GLE LLE
804,0.5,6.3931656,100.0,41,session_1,62,2,Lee2019_MI,GLE LLE
805,0.5,7.5274367,100.0,41,session_2,62,2,Lee2019_MI,GLE LLE
806,0.5,8.950876,100.0,42,session_1,62,2,Lee2019_MI,GLE LLE
807,0.5,7.807933,100.0,42,session_2,62,2,Lee2019_MI,GLE LLE
808,0.5,7.2244253,100.0,43,session_1,62,2,Lee2019_MI,GLE LLE
809,0.5,8.226609,100.0,43,session_2,62,2,Lee2019_MI,GLE LLE
810,0.5,10.749913,100.0,44,session_1,62,2,Lee2019_MI,GLE LLE
811,0.5,8.463706,100.0,44,session_2,62,2,Lee2019_MI,GLE LLE
812,0.5,8.109549,100.0,45,session_1,62,2,Lee2019_MI,GLE LLE
813,0.5,6.343376,100.0,45,session_2,62,2,Lee2019_MI,GLE LLE
814,0.5,7.3646193,100.0,46,session_1,62,2,Lee2019_MI,GLE LLE
815,0.5,7.45123,100.0,46,session_2,62,2,Lee2019_MI,GLE LLE
816,0.5,8.40446,100.0,47,session_1,62,2,Lee2019_MI,GLE LLE
817,0.5,6.3334713,100.0,47,session_2,62,2,Lee2019_MI,GLE LLE
818,0.5,8.890935,100.0,48,session_1,62,2,Lee2019_MI,GLE LLE
819,0.5,8.060314,100.0,48,session_2,62,2,Lee2019_MI,GLE LLE
820,0.5,8.051747,100.0,49,session_1,62,2,Lee2019_MI,GLE LLE
821,0.5,7.572177,100.0,49,session_2,62,2,Lee2019_MI,GLE LLE
822,0.5,7.9670963,100.0,50,session_1,62,2,Lee2019_MI,GLE LLE
823,0.5,7.648766,100.0,50,session_2,62,2,Lee2019_MI,GLE LLE
824,0.5,11.146502,100.0,51,session_1,62,2,Lee2019_MI,GLE LLE
825,0.5,7.7498913,100.0,51,session_2,62,2,Lee2019_MI,GLE LLE
826,0.5,8.054995,100.0,52,session_1,62,2,Lee2019_MI,GLE LLE
827,0.5,8.035255,100.0,52,session_2,62,2,Lee2019_MI,GLE LLE
828,0.5,7.914716,100.0,53,session_1,62,2,Lee2019_MI,GLE LLE
829,0.5,6.2373953,100.0,53,session_2,62,2,Lee2019_MI,GLE LLE
830,0.5,9.327274,100.0,54,session_1,62,2,Lee2019_MI,GLE LLE
831,0.5,8.819895,100.0,54,session_2,62,2,Lee2019_MI,GLE LLE
832,0.33519554,2.0640907,300.0,1,session_0,14,3,Zhou 2016,GLE LLE
833,0.33333334,2.763758,329.0,1,session_1,14,3,Zhou 2016,GLE LLE
834,0.33333334,2.4785252,329.0,1,session_2,14,3,Zhou 2016,GLE LLE
835,0.33333334,2.2529051,285.0,2,session_0,14,3,Zhou 2016,GLE LLE
836,0.33333334,2.345453,300.0,2,session_1,14,3,Zhou 2016,GLE LLE
837,0.33333334,2.812971,285.0,2,session_2,14,3,Zhou 2016,GLE LLE
838,0.33333334,2.114044,301.0,3,session_0,14,3,Zhou 2016,GLE LLE
839,0.33774835,2.34561,300.0,3,session_1,14,3,Zhou 2016,GLE LLE
840,0.33333334,3.0453413,301.0,3,session_2,14,3,Zhou 2016,GLE LLE
841,0.33333334,2.703952,300.0,4,session_0,14,3,Zhou 2016,GLE LLE
842,0.33333334,2.751076,285.0,4,session_1,14,3,Zhou 2016,GLE LLE
843,0.33333334,3.0019522,285.0,4,session_2,14,3,Zhou 2016,GLE LLE
