,Unnamed: 0,score,time,samples,subject,session,channels,n_sessions,dataset,pipeline
0,0,14.012594,0.6230461,216.0,1,session_E,22,2,001-2014,GLE PCA
1,1,13.286881,0.6011924,216.0,1,session_T,22,2,001-2014,GLE PCA
2,2,13.408397,0.6364694,216.0,2,session_E,22,2,001-2014,GLE PCA
3,3,17.44531,0.5626955,216.0,2,session_T,22,2,001-2014,GLE PCA
4,4,14.980517,0.58327013,216.0,3,session_E,22,2,001-2014,GLE PCA
5,5,15.525203,0.5998982,216.0,3,session_T,22,2,001-2014,GLE PCA
6,6,0.554966,0.5826791,216.0,4,session_E,22,2,001-2014,GLE PCA
7,7,0.5359311,0.55315155,216.0,4,session_T,22,2,001-2014,GLE PCA
8,8,0.51738095,0.5421184,216.0,5,session_E,22,2,001-2014,GLE PCA
9,9,0.58264184,0.54391134,216.0,5,session_T,22,2,001-2014,GLE PCA
10,10,0.52943015,0.560891,216.0,6,session_E,22,2,001-2014,GLE PCA
11,11,0.5404279,0.56153256,216.0,6,session_T,22,2,001-2014,GLE PCA
12,12,0.55784893,0.55717343,216.0,7,session_E,22,2,001-2014,GLE PCA
13,13,0.56134605,0.54695195,216.0,7,session_T,22,2,001-2014,GLE PCA
14,14,0.72684526,0.5555202,216.0,8,session_E,22,2,001-2014,GLE PCA
15,15,0.61758685,0.5283268,216.0,8,session_T,22,2,001-2014,GLE PCA
16,16,0.6096151,0.6164856,216.0,9,session_E,22,2,001-2014,GLE PCA
17,17,0.53731894,0.5586773,216.0,9,session_T,22,2,001-2014,GLE PCA
18,18,0.42498326,0.6226105,120.0,1,session_0,30,2,004-2015,GLE PCA
19,19,0.4640262,0.7360916,120.0,1,session_1,30,2,004-2015,GLE PCA
20,20,0.54259205,0.67018205,120.0,2,session_0,30,2,004-2015,GLE PCA
21,21,0.45223188,0.6245489,120.0,2,session_1,30,2,004-2015,GLE PCA
22,22,0.82412696,0.71281844,120.0,3,session_0,30,2,004-2015,GLE PCA
23,23,0.874882,0.69415677,120.0,3,session_1,30,2,004-2015,GLE PCA
24,24,0.41323495,0.6582362,105.0,4,session_0,30,2,004-2015,GLE PCA
25,25,0.5403149,0.69508684,120.0,4,session_1,30,2,004-2015,GLE PCA
26,26,0.48419476,0.6269476,120.0,5,session_0,30,2,004-2015,GLE PCA
27,27,0.56386876,0.7238186,120.0,5,session_1,30,2,004-2015,GLE PCA
28,28,0.613785,0.7138403,120.0,6,session_0,30,2,004-2015,GLE PCA
29,29,0.54322314,0.7169832,120.0,6,session_1,30,2,004-2015,GLE PCA
30,30,0.410141,0.5637111,105.0,7,session_0,30,2,004-2015,GLE PCA
31,31,0.37351203,0.67470014,120.0,7,session_1,30,2,004-2015,GLE PCA
32,32,0.4272468,0.7850936,120.0,8,session_0,30,2,004-2015,GLE PCA
33,33,0.42390776,0.73331875,120.0,8,session_1,30,2,004-2015,GLE PCA
34,34,0.44004202,0.63368124,120.0,9,session_0,30,2,004-2015,GLE PCA
35,35,0.44429398,0.69706166,120.0,9,session_1,30,2,004-2015,GLE PCA
36,36,0.30031085,0.55657107,300.0,1,session_0,14,3,Zhou 2016,GLE PCA
37,37,0.25229,0.60451,329.0,1,session_1,14,3,Zhou 2016,GLE PCA
38,38,0.21647,0.5575086,329.0,1,session_2,14,3,Zhou 2016,GLE PCA
39,39,0.24865007,0.5804912,285.0,2,session_0,14,3,Zhou 2016,GLE PCA
40,40,0.20464087,0.6002191,300.0,2,session_1,14,3,Zhou 2016,GLE PCA
41,41,0.26339602,0.6361603,285.0,2,session_2,14,3,Zhou 2016,GLE PCA
42,42,0.21069384,0.5964314,301.0,3,session_0,14,3,Zhou 2016,GLE PCA
43,43,0.26788998,0.67742777,300.0,3,session_1,14,3,Zhou 2016,GLE PCA
44,44,0.19480872,0.6295697,301.0,3,session_2,14,3,Zhou 2016,GLE PCA
45,45,0.21102524,0.57429457,300.0,4,session_0,14,3,Zhou 2016,GLE PCA
46,46,0.24099779,0.57674265,285.0,4,session_1,14,3,Zhou 2016,GLE PCA
47,47,0.22935891,0.59929705,285.0,4,session_2,14,3,Zhou 2016,GLE PCA
48,48,15.547726,0.6229149,216.0,1,session_E,22,2,001-2014,CLE PCA
49,49,16.336206,0.6012611,216.0,1,session_T,22,2,001-2014,CLE PCA
50,50,13.913094,0.63651323,216.0,2,session_E,22,2,001-2014,CLE PCA
51,51,15.327606,0.5627118,216.0,2,session_T,22,2,001-2014,CLE PCA
52,52,14.171242,0.5835032,216.0,3,session_E,22,2,001-2014,CLE PCA
53,53,14.4170265,0.60012615,216.0,3,session_T,22,2,001-2014,CLE PCA
54,54,13.390637,0.5827547,216.0,4,session_E,22,2,001-2014,CLE PCA
55,55,15.648462,0.5531873,216.0,4,session_T,22,2,001-2014,CLE PCA
56,56,0.5245049,0.5419724,216.0,5,session_E,22,2,001-2014,CLE PCA
57,57,0.56864214,0.54411554,216.0,5,session_T,22,2,001-2014,CLE PCA
58,58,0.4731419,0.56082964,216.0,6,session_E,22,2,001-2014,CLE PCA
59,59,0.5175717,0.56177884,216.0,6,session_T,22,2,001-2014,CLE PCA
60,60,0.52688503,0.55712277,216.0,7,session_E,22,2,001-2014,CLE PCA
61,61,0.6160939,0.5472281,216.0,7,session_T,22,2,001-2014,CLE PCA
62,62,0.5701878,0.55549335,216.0,8,session_E,22,2,001-2014,CLE PCA
63,63,0.6051731,0.52847636,216.0,8,session_T,22,2,001-2014,CLE PCA
64,64,0.5268049,0.6165645,216.0,9,session_E,22,2,001-2014,CLE PCA
65,65,0.557071,0.5590278,216.0,9,session_T,22,2,001-2014,CLE PCA
66,66,0.43966913,0.62340933,120.0,1,session_0,30,2,004-2015,CLE PCA
67,67,0.46616602,0.7378068,120.0,1,session_1,30,2,004-2015,CLE PCA
68,68,0.42496777,0.67066735,120.0,2,session_0,30,2,004-2015,CLE PCA
69,69,0.4433751,0.62478817,120.0,2,session_1,30,2,004-2015,CLE PCA
70,70,0.56873775,0.7141143,120.0,3,session_0,30,2,004-2015,CLE PCA
71,71,0.86063695,0.6931024,120.0,3,session_1,30,2,004-2015,CLE PCA
72,72,0.37147522,0.6813099,105.0,4,session_0,30,2,004-2015,CLE PCA
73,73,0.4352808,0.6945903,120.0,4,session_1,30,2,004-2015,CLE PCA
74,74,0.6436193,0.62683576,120.0,5,session_0,30,2,004-2015,CLE PCA
75,75,0.42371392,0.7230487,120.0,5,session_1,30,2,004-2015,CLE PCA
76,76,0.42632413,0.71609133,120.0,6,session_0,30,2,004-2015,CLE PCA
77,77,0.45246315,0.7219555,120.0,6,session_1,30,2,004-2015,CLE PCA
78,78,0.41814995,0.5630021,105.0,7,session_0,30,2,004-2015,CLE PCA
79,79,0.41368985,0.6742841,120.0,7,session_1,30,2,004-2015,CLE PCA
80,80,0.408262,0.79554373,120.0,8,session_0,30,2,004-2015,CLE PCA
81,81,0.4278798,0.7437388,120.0,8,session_1,30,2,004-2015,CLE PCA
82,82,0.41186476,0.63481337,120.0,9,session_0,30,2,004-2015,CLE PCA
83,83,0.41616988,0.6988009,120.0,9,session_1,30,2,004-2015,CLE PCA
84,84,0.28864503,0.5560527,300.0,1,session_0,14,3,Zhou 2016,CLE PCA
85,85,0.23678708,0.60437185,329.0,1,session_1,14,3,Zhou 2016,CLE PCA
86,86,0.26872087,0.557912,329.0,1,session_2,14,3,Zhou 2016,CLE PCA
87,87,0.20130205,0.5806816,285.0,2,session_0,14,3,Zhou 2016,CLE PCA
88,88,0.189574,0.60036725,300.0,2,session_1,14,3,Zhou 2016,CLE PCA
89,89,0.26626897,0.63626534,285.0,2,session_2,14,3,Zhou 2016,CLE PCA
90,90,0.23650908,0.5966111,301.0,3,session_0,14,3,Zhou 2016,CLE PCA
91,91,0.22319102,0.67597014,300.0,3,session_1,14,3,Zhou 2016,CLE PCA
92,92,0.22168493,0.6300598,301.0,3,session_2,14,3,Zhou 2016,CLE PCA
93,93,0.18474698,0.57433313,300.0,4,session_0,14,3,Zhou 2016,CLE PCA
94,94,0.28298092,0.5775723,285.0,4,session_1,14,3,Zhou 2016,CLE PCA
95,95,0.22625613,0.59933734,285.0,4,session_2,14,3,Zhou 2016,CLE PCA
96,96,13.892226,0.6229149,216.0,1,session_E,22,2,001-2014,LE PCA
97,97,14.240184,0.6012611,216.0,1,session_T,22,2,001-2014,LE PCA
98,98,16.193508,0.63651323,216.0,2,session_E,22,2,001-2014,LE PCA
99,99,15.906539,0.5627118,216.0,2,session_T,22,2,001-2014,LE PCA
100,100,16.481926,0.5835032,216.0,3,session_E,22,2,001-2014,LE PCA
101,101,13.973615,0.60012615,216.0,3,session_T,22,2,001-2014,LE PCA
102,102,0.52044415,0.5827547,216.0,4,session_E,22,2,001-2014,LE PCA
103,103,0.51526403,0.5531873,216.0,4,session_T,22,2,001-2014,LE PCA
104,104,0.59943175,0.5419724,216.0,5,session_E,22,2,001-2014,LE PCA
105,105,0.53124,0.54411554,216.0,5,session_T,22,2,001-2014,LE PCA
106,106,0.52203894,0.56082964,216.0,6,session_E,22,2,001-2014,LE PCA
107,107,0.52740407,0.56177884,216.0,6,session_T,22,2,001-2014,LE PCA
108,108,0.66188884,0.55712277,216.0,7,session_E,22,2,001-2014,LE PCA
109,109,0.60889006,0.5472281,216.0,7,session_T,22,2,001-2014,LE PCA
110,110,0.6552582,0.55549335,216.0,8,session_E,22,2,001-2014,LE PCA
111,111,0.760849,0.52847636,216.0,8,session_T,22,2,001-2014,LE PCA
112,112,0.5516901,0.6165645,216.0,9,session_E,22,2,001-2014,LE PCA
113,113,0.551466,0.5590278,216.0,9,session_T,22,2,001-2014,LE PCA
114,114,0.46954083,0.62340933,120.0,1,session_0,30,2,004-2015,LE PCA
115,115,0.45253015,0.7378068,120.0,1,session_1,30,2,004-2015,LE PCA
116,116,0.44355822,0.67066735,120.0,2,session_0,30,2,004-2015,LE PCA
117,117,0.43521,0.62478817,120.0,2,session_1,30,2,004-2015,LE PCA
118,118,0.9682431,0.7141143,120.0,3,session_0,30,2,004-2015,LE PCA
119,119,0.87494206,0.6931024,120.0,3,session_1,30,2,004-2015,LE PCA
120,120,0.42033625,0.6813099,105.0,4,session_0,30,2,004-2015,LE PCA
121,121,0.53904414,0.6945903,120.0,4,session_1,30,2,004-2015,LE PCA
122,122,0.4642582,0.62683576,120.0,5,session_0,30,2,004-2015,LE PCA
123,123,0.64716005,0.7230487,120.0,5,session_1,30,2,004-2015,LE PCA
124,124,0.60620093,0.71609133,120.0,6,session_0,30,2,004-2015,LE PCA
125,125,0.4936862,0.7219555,120.0,6,session_1,30,2,004-2015,LE PCA
126,126,0.42432094,0.5630021,105.0,7,session_0,30,2,004-2015,LE PCA
127,127,0.374954,0.6742841,120.0,7,session_1,30,2,004-2015,LE PCA
128,128,0.41078806,0.79554373,120.0,8,session_0,30,2,004-2015,LE PCA
129,129,0.4158311,0.7437388,120.0,8,session_1,30,2,004-2015,LE PCA
130,130,0.45265722,0.63481337,120.0,9,session_0,30,2,004-2015,LE PCA
131,131,0.42318678,0.6988009,120.0,9,session_1,30,2,004-2015,LE PCA
132,132,0.34714317,0.5560527,300.0,1,session_0,14,3,Zhou 2016,LE PCA
133,133,0.20690775,0.60437185,329.0,1,session_1,14,3,Zhou 2016,LE PCA
134,134,0.23035192,0.557912,329.0,1,session_2,14,3,Zhou 2016,LE PCA
135,135,0.26832104,0.5806816,285.0,2,session_0,14,3,Zhou 2016,LE PCA
136,136,0.19336176,0.60036725,300.0,2,session_1,14,3,Zhou 2016,LE PCA
137,137,0.24306417,0.63626534,285.0,2,session_2,14,3,Zhou 2016,LE PCA
138,138,0.22460699,0.5966111,301.0,3,session_0,14,3,Zhou 2016,LE PCA
139,139,0.2619059,0.67597014,300.0,3,session_1,14,3,Zhou 2016,LE PCA
140,140,0.23943281,0.6300598,301.0,3,session_2,14,3,Zhou 2016,LE PCA
141,141,0.24799585,0.57433313,300.0,4,session_0,14,3,Zhou 2016,LE PCA
142,142,0.23587298,0.5775723,285.0,4,session_1,14,3,Zhou 2016,LE PCA
143,143,0.24200797,0.59933734,285.0,4,session_2,14,3,Zhou 2016,LE PCA
144,144,8.022695,0.6046455,216.0,1,session_E,22,2,001-2014,AIR PCA
145,145,7.407015,0.6332975,216.0,2,session_E,22,2,001-2014,AIR PCA
146,146,7.582774,0.5433788,216.0,2,session_T,22,2,001-2014,AIR PCA
147,147,7.1803303,0.5396068,216.0,3,session_E,22,2,001-2014,AIR PCA
148,148,7.109826,0.5466481,216.0,3,session_T,22,2,001-2014,AIR PCA
149,149,9.923442,0.5607361,216.0,4,session_E,22,2,001-2014,AIR PCA
150,150,7.379702,0.5309736,216.0,4,session_T,22,2,001-2014,AIR PCA
151,151,7.884773,0.52142036,216.0,5,session_E,22,2,001-2014,AIR PCA
152,152,7.969098,0.524851,216.0,5,session_T,22,2,001-2014,AIR PCA
153,153,7.777729,0.54099894,216.0,6,session_E,22,2,001-2014,AIR PCA
154,154,7.374837,0.54363024,216.0,6,session_T,22,2,001-2014,AIR PCA
155,155,7.882296,0.52520597,216.0,7,session_E,22,2,001-2014,AIR PCA
156,156,7.984494,0.521695,216.0,7,session_T,22,2,001-2014,AIR PCA
157,157,8.526777,0.5274579,216.0,8,session_E,22,2,001-2014,AIR PCA
158,158,8.547342,0.5045008,216.0,8,session_T,22,2,001-2014,AIR PCA
159,159,8.41955,0.5974007,216.0,9,session_E,22,2,001-2014,AIR PCA
160,160,10.158663,0.5382747,216.0,9,session_T,22,2,001-2014,AIR PCA
161,161,6.147007,0.63819224,120.0,1,session_0,30,2,004-2015,AIR PCA
162,162,6.1031513,0.7381589,120.0,1,session_1,30,2,004-2015,AIR PCA
163,163,5.1586847,0.65665454,120.0,2,session_0,30,2,004-2015,AIR PCA
164,164,5.536159,0.60878175,120.0,2,session_1,30,2,004-2015,AIR PCA
165,165,5.434601,0.72059953,120.0,3,session_0,30,2,004-2015,AIR PCA
166,166,6.493541,0.69236594,120.0,3,session_1,30,2,004-2015,AIR PCA
167,167,8.025932,0.6651504,105.0,4,session_0,30,2,004-2015,AIR PCA
168,168,4.473881,0.6861553,120.0,4,session_1,30,2,004-2015,AIR PCA
169,169,5.504704,0.60276955,120.0,5,session_0,30,2,004-2015,AIR PCA
170,170,5.5446167,0.7117545,120.0,5,session_1,30,2,004-2015,AIR PCA
171,171,5.576642,0.70893943,120.0,6,session_0,30,2,004-2015,AIR PCA
172,172,5.2493258,0.71114933,120.0,6,session_1,30,2,004-2015,AIR PCA
173,173,5.762163,0.56718403,105.0,7,session_0,30,2,004-2015,AIR PCA
174,174,5.434103,0.6641616,120.0,7,session_1,30,2,004-2015,AIR PCA
175,175,5.742375,0.7884562,120.0,8,session_0,30,2,004-2015,AIR PCA
176,176,5.570415,0.73457605,120.0,8,session_1,30,2,004-2015,AIR PCA
177,177,5.5204983,0.6156172,120.0,9,session_0,30,2,004-2015,AIR PCA
178,178,5.968253,0.68367124,120.0,9,session_1,30,2,004-2015,AIR PCA
179,179,1.676836,0.5445222,300.0,1,session_0,14,3,Zhou 2016,AIR PCA
180,180,1.1950958,0.58792084,329.0,1,session_1,14,3,Zhou 2016,AIR PCA
181,181,1.5275428,0.54800326,329.0,1,session_2,14,3,Zhou 2016,AIR PCA
182,182,1.1344311,0.57332873,285.0,2,session_0,14,3,Zhou 2016,AIR PCA
183,183,1.1224713,0.59068865,300.0,2,session_1,14,3,Zhou 2016,AIR PCA
184,184,1.525682,0.629972,285.0,2,session_2,14,3,Zhou 2016,AIR PCA
185,185,1.4155879,0.56851053,301.0,3,session_0,14,3,Zhou 2016,AIR PCA
186,186,1.551415,0.6656513,300.0,3,session_1,14,3,Zhou 2016,AIR PCA
187,187,1.2488732,0.6173601,301.0,3,session_2,14,3,Zhou 2016,AIR PCA
188,188,1.31427,0.5696268,300.0,4,session_0,14,3,Zhou 2016,AIR PCA
189,189,2.2842891,0.5497573,285.0,4,session_1,14,3,Zhou 2016,AIR PCA
190,190,1.8025451,0.59697497,285.0,4,session_2,14,3,Zhou 2016,AIR PCA
0,0,54.85421,0.5432941,216.0,1,session_E,22,2,001-2014,AIR LLE
1,1,46.213707,0.53990585,216.0,1,session_T,22,2,001-2014,AIR LLE
2,2,48.631935,0.54813,216.0,2,session_E,22,2,001-2014,AIR LLE
3,3,19.977922,0.49585405,216.0,2,session_T,22,2,001-2014,AIR LLE
4,4,647.4763,0.51756114,216.0,3,session_E,22,2,001-2014,AIR LLE
5,5,57.903584,0.51010984,216.0,3,session_T,22,2,001-2014,AIR LLE
6,6,63.086353,0.52589583,216.0,4,session_E,22,2,001-2014,AIR LLE
7,7,63.928673,0.5300156,216.0,4,session_T,22,2,001-2014,AIR LLE
8,8,41.74215,0.5129499,216.0,5,session_E,22,2,001-2014,AIR LLE
9,9,43.25246,0.5024116,216.0,5,session_T,22,2,001-2014,AIR LLE
10,10,61.103985,0.51241314,216.0,6,session_E,22,2,001-2014,AIR LLE
11,11,60.629932,0.5211903,216.0,6,session_T,22,2,001-2014,AIR LLE
12,12,59.167843,0.5092945,216.0,7,session_E,22,2,001-2014,AIR LLE
13,13,49.459442,0.51334244,216.0,7,session_T,22,2,001-2014,AIR LLE
14,14,44.576405,0.4938455,216.0,8,session_E,22,2,001-2014,AIR LLE
15,15,49.08173,0.46509114,216.0,8,session_T,22,2,001-2014,AIR LLE
16,16,55.51267,0.52220076,216.0,9,session_E,22,2,001-2014,AIR LLE
17,17,15.556218,0.46607575,216.0,9,session_T,22,2,001-2014,AIR LLE
18,18,45.024334,0.5948978,120.0,1,session_0,30,2,004-2015,AIR LLE
19,19,30.148087,0.64305,120.0,1,session_1,30,2,004-2015,AIR LLE
20,20,32.36176,0.6297107,120.0,2,session_0,30,2,004-2015,AIR LLE
21,21,25.209192,0.5881742,120.0,2,session_1,30,2,004-2015,AIR LLE
22,22,24.575693,0.68766063,120.0,3,session_0,30,2,004-2015,AIR LLE
23,23,28.381308,0.6787665,120.0,3,session_1,30,2,004-2015,AIR LLE
24,24,10.3446665,0.5618662,105.0,4,session_0,30,2,004-2015,AIR LLE
25,25,18.917704,0.6521806,120.0,4,session_1,30,2,004-2015,AIR LLE
26,26,11.133232,0.5339429,120.0,5,session_0,30,2,004-2015,AIR LLE
27,27,23.614357,0.61872977,120.0,5,session_1,30,2,004-2015,AIR LLE
28,28,31.322905,0.6912349,120.0,6,session_0,30,2,004-2015,AIR LLE
29,29,23.612404,0.6829571,120.0,6,session_1,30,2,004-2015,AIR LLE
30,30,19811.824,0.6016902,105.0,7,session_0,30,2,004-2015,AIR LLE
31,31,30483.488,0.6895381,120.0,7,session_1,30,2,004-2015,AIR LLE
32,32,9.44407,0.6851728,120.0,8,session_0,30,2,004-2015,AIR LLE
33,33,1187.6451,0.6634281,120.0,8,session_1,30,2,004-2015,AIR LLE
34,34,69.8392,0.584034,120.0,9,session_0,30,2,004-2015,AIR LLE
35,35,183.07666,0.6655762,120.0,9,session_1,30,2,004-2015,AIR LLE
36,36,12.658646,0.51619804,300.0,1,session_0,14,3,Zhou 2016,AIR LLE
37,37,8.473643,0.55608153,329.0,1,session_1,14,3,Zhou 2016,AIR LLE
38,38,8.377479,0.55399984,329.0,1,session_2,14,3,Zhou 2016,AIR LLE
39,39,5.125599,0.5618084,285.0,2,session_0,14,3,Zhou 2016,AIR LLE
40,40,6.0437527,0.6325887,300.0,2,session_1,14,3,Zhou 2016,AIR LLE
41,41,7.95876,0.57940567,285.0,2,session_2,14,3,Zhou 2016,AIR LLE
42,42,10.162164,0.529861,301.0,3,session_0,14,3,Zhou 2016,AIR LLE
43,43,7.386852,0.63691616,300.0,3,session_1,14,3,Zhou 2016,AIR LLE
44,44,6.537076,0.55095774,301.0,3,session_2,14,3,Zhou 2016,AIR LLE
45,45,4.992682,0.52385366,300.0,4,session_0,14,3,Zhou 2016,AIR LLE
46,46,6.787462,0.5790882,285.0,4,session_1,14,3,Zhou 2016,AIR LLE
47,47,5.4705067,0.5513969,285.0,4,session_2,14,3,Zhou 2016,AIR LLE
48,48,14.8853035,0.5157174,216.0,1,session_E,22,2,001-2014,GLE LLE
49,49,13.745235,0.48054436,216.0,1,session_T,22,2,001-2014,GLE LLE
50,50,13.790974,0.54677886,216.0,2,session_E,22,2,001-2014,GLE LLE
51,51,13.990591,0.49536565,216.0,2,session_T,22,2,001-2014,GLE LLE
52,52,2918.1843,0.54486006,216.0,3,session_E,22,2,001-2014,GLE LLE
53,53,14.980033,0.5261633,216.0,3,session_T,22,2,001-2014,GLE LLE
54,54,18.723564,0.48125297,216.0,4,session_E,22,2,001-2014,GLE LLE
55,55,14.263031,0.50013053,216.0,4,session_T,22,2,001-2014,GLE LLE
56,56,14.401176,0.44261488,216.0,5,session_E,22,2,001-2014,GLE LLE
57,57,14.830203,0.47235247,216.0,5,session_T,22,2,001-2014,GLE LLE
58,58,14.507885,0.5029162,216.0,6,session_E,22,2,001-2014,GLE LLE
59,59,15.504593,0.49028277,216.0,6,session_T,22,2,001-2014,GLE LLE
60,60,12.869571,0.45334807,216.0,7,session_E,22,2,001-2014,GLE LLE
61,61,14.26958,0.48066008,216.0,7,session_T,22,2,001-2014,GLE LLE
62,62,14.66599,0.49453187,216.0,8,session_E,22,2,001-2014,GLE LLE
63,63,13.951074,0.47374466,216.0,8,session_T,22,2,001-2014,GLE LLE
64,64,13.961315,0.5124382,216.0,9,session_E,22,2,001-2014,GLE LLE
65,65,15.553036,0.47677773,216.0,9,session_T,22,2,001-2014,GLE LLE
66,66,6.593226,0.54118025,120.0,1,session_0,30,2,004-2015,GLE LLE
67,67,6.228233,0.6219593,120.0,1,session_1,30,2,004-2015,GLE LLE
68,68,6.362994,0.5237812,120.0,2,session_0,30,2,004-2015,GLE LLE
69,69,6.2176857,0.5133304,120.0,2,session_1,30,2,004-2015,GLE LLE
70,70,6.439582,0.5732204,120.0,3,session_0,30,2,004-2015,GLE LLE
71,71,6.507464,0.5929703,120.0,3,session_1,30,2,004-2015,GLE LLE
72,72,6.3028708,0.56275636,105.0,4,session_0,30,2,004-2015,GLE LLE
73,73,6.0651627,0.59014726,120.0,4,session_1,30,2,004-2015,GLE LLE
74,74,6.381423,0.5373336,120.0,5,session_0,30,2,004-2015,GLE LLE
75,75,6.327956,0.58139193,120.0,5,session_1,30,2,004-2015,GLE LLE
76,76,6.5368342,0.60437906,120.0,6,session_0,30,2,004-2015,GLE LLE
77,77,737.3592,0.5798286,120.0,6,session_1,30,2,004-2015,GLE LLE
78,78,16014.828,0.5541392,105.0,7,session_0,30,2,004-2015,GLE LLE
79,79,16.154028,0.6495219,120.0,7,session_1,30,2,004-2015,GLE LLE
80,80,144.88632,0.636828,120.0,8,session_0,30,2,004-2015,GLE LLE
81,81,50.510998,0.6395802,120.0,8,session_1,30,2,004-2015,GLE LLE
82,82,49.992565,0.5697498,120.0,9,session_0,30,2,004-2015,GLE LLE
83,83,303.0067,0.5732173,120.0,9,session_1,30,2,004-2015,GLE LLE
84,84,20.405815,0.5101158,300.0,1,session_0,14,3,Zhou 2016,GLE LLE
85,85,24.752314,0.5220017,329.0,1,session_1,14,3,Zhou 2016,GLE LLE
86,86,24.567972,0.52164435,329.0,1,session_2,14,3,Zhou 2016,GLE LLE
87,87,19.902779,0.4953136,285.0,2,session_0,14,3,Zhou 2016,GLE LLE
88,88,19.707575,0.5505436,300.0,2,session_1,14,3,Zhou 2016,GLE LLE
89,89,18.495588,0.5283996,285.0,2,session_2,14,3,Zhou 2016,GLE LLE
90,90,20.773132,0.5168712,301.0,3,session_0,14,3,Zhou 2016,GLE LLE
91,91,21.8312,0.5738314,300.0,3,session_1,14,3,Zhou 2016,GLE LLE
92,92,23.154097,0.55524313,301.0,3,session_2,14,3,Zhou 2016,GLE LLE
93,93,20.153336,0.5005183,300.0,4,session_0,14,3,Zhou 2016,GLE LLE
94,94,17.28767,0.5677519,285.0,4,session_1,14,3,Zhou 2016,GLE LLE
95,95,18.026842,0.55708534,285.0,4,session_2,14,3,Zhou 2016,GLE LLE
96,96,3.5598462,0.44384503,216.0,1,session_E,22,2,001-2014,LE LLE
97,97,2.915755,0.4006385,216.0,1,session_T,22,2,001-2014,LE LLE
98,98,2.77682,0.4315346,216.0,2,session_E,22,2,001-2014,LE LLE
99,99,2.8426769,0.43926105,216.0,2,session_T,22,2,001-2014,LE LLE
100,100,2.8660989,0.34854668,216.0,3,session_E,22,2,001-2014,LE LLE
101,101,2.8798048,0.40302712,216.0,3,session_T,22,2,001-2014,LE LLE
102,102,6.0184746,0.43050978,216.0,4,session_E,22,2,001-2014,LE LLE
103,103,6.416542,0.3474276,216.0,4,session_T,22,2,001-2014,LE LLE
104,104,2.753237,0.40701908,216.0,5,session_E,22,2,001-2014,LE LLE
105,105,4.02604,0.40480116,216.0,5,session_T,22,2,001-2014,LE LLE
106,106,2.570277,0.35508475,216.0,6,session_E,22,2,001-2014,LE LLE
107,107,4.046919,0.31370953,216.0,6,session_T,22,2,001-2014,LE LLE
108,108,7.9092855,0.39436525,216.0,7,session_E,22,2,001-2014,LE LLE
109,109,3.4922352,0.36901936,216.0,7,session_T,22,2,001-2014,LE LLE
110,110,2.7235699,0.2976335,216.0,8,session_E,22,2,001-2014,LE LLE
111,111,3.8217669,0.30650386,216.0,8,session_T,22,2,001-2014,LE LLE
112,112,31.439013,0.29680154,216.0,9,session_E,22,2,001-2014,LE LLE
113,113,3.649177,0.3299622,216.0,9,session_T,22,2,001-2014,LE LLE
114,114,4.623584,0.42325374,120.0,1,session_0,30,2,004-2015,LE LLE
115,115,5.4290915,0.4206944,120.0,1,session_1,30,2,004-2015,LE LLE
116,116,2.4017932,0.37916952,120.0,2,session_0,30,2,004-2015,LE LLE
117,117,2.4677691,0.3930559,120.0,2,session_1,30,2,004-2015,LE LLE
118,118,2.1200352,0.55685115,120.0,3,session_0,30,2,004-2015,LE LLE
119,119,2.159127,0.54236585,120.0,3,session_1,30,2,004-2015,LE LLE
120,120,2.083546,0.4302317,105.0,4,session_0,30,2,004-2015,LE LLE
121,121,1.972765,0.36952102,120.0,4,session_1,30,2,004-2015,LE LLE
122,122,2.351937,0.33454078,120.0,5,session_0,30,2,004-2015,LE LLE
123,123,2.3059351,0.48805457,120.0,5,session_1,30,2,004-2015,LE LLE
124,124,2.125351,0.44481513,120.0,6,session_0,30,2,004-2015,LE LLE
125,125,2.1081243,0.46846965,120.0,6,session_1,30,2,004-2015,LE LLE
126,126,2.415145,0.411955,105.0,7,session_0,30,2,004-2015,LE LLE
127,127,1.8810658,0.4735241,120.0,7,session_1,30,2,004-2015,LE LLE
128,128,4.610911,0.4661099,120.0,8,session_0,30,2,004-2015,LE LLE
129,129,3.220025,0.49963564,120.0,8,session_1,30,2,004-2015,LE LLE
130,130,3.4345937,0.42517197,120.0,9,session_0,30,2,004-2015,LE LLE
131,131,49.0998,0.48985085,120.0,9,session_1,30,2,004-2015,LE LLE
132,132,11.102818,0.34274527,300.0,1,session_0,14,3,Zhou 2016,LE LLE
133,133,5.155578,0.31098732,329.0,1,session_1,14,3,Zhou 2016,LE LLE
134,134,2.710357,0.34712443,329.0,1,session_2,14,3,Zhou 2016,LE LLE
135,135,4.2908945,0.38119414,285.0,2,session_0,14,3,Zhou 2016,LE LLE
136,136,4.2778873,0.42025438,300.0,2,session_1,14,3,Zhou 2016,LE LLE
137,137,2.035212,0.29862303,285.0,2,session_2,14,3,Zhou 2016,LE LLE
138,138,3.7414322,0.28912467,301.0,3,session_0,14,3,Zhou 2016,LE LLE
139,139,3.51776,0.3904118,300.0,3,session_1,14,3,Zhou 2016,LE LLE
140,140,4.4560175,0.3049366,301.0,3,session_2,14,3,Zhou 2016,LE LLE
141,141,3.479181,0.3247722,300.0,4,session_0,14,3,Zhou 2016,LE LLE
142,142,3.704617,0.34011948,285.0,4,session_1,14,3,Zhou 2016,LE LLE
143,143,3.690455,0.37844133,285.0,4,session_2,14,3,Zhou 2016,LE LLE
144,144,2.211613,0.53820485,216.0,1,session_E,22,2,001-2014,CLE LLE
145,145,2.1015968,0.52298677,216.0,1,session_T,22,2,001-2014,CLE LLE
146,146,2.005621,0.5613597,216.0,2,session_E,22,2,001-2014,CLE LLE
147,147,2.1073327,0.511873,216.0,2,session_T,22,2,001-2014,CLE LLE
148,148,2.122799,0.5605369,216.0,3,session_E,22,2,001-2014,CLE LLE
149,149,2.0252101,0.5770928,216.0,3,session_T,22,2,001-2014,CLE LLE
150,150,5.059351,0.49025908,216.0,4,session_E,22,2,001-2014,CLE LLE
151,151,2.747992,0.4990342,216.0,4,session_T,22,2,001-2014,CLE LLE
152,152,1.970787,0.48460695,216.0,5,session_E,22,2,001-2014,CLE LLE
153,153,2.0468497,0.48573357,216.0,5,session_T,22,2,001-2014,CLE LLE
154,154,2.6477652,0.510495,216.0,6,session_E,22,2,001-2014,CLE LLE
155,155,2.373072,0.5127285,216.0,6,session_T,22,2,001-2014,CLE LLE
156,156,2.994121,0.49779102,216.0,7,session_E,22,2,001-2014,CLE LLE
157,157,2.8848572,0.5171172,216.0,7,session_T,22,2,001-2014,CLE LLE
158,158,2.1050718,0.5147734,216.0,8,session_E,22,2,001-2014,CLE LLE
159,159,2.094692,0.48939505,216.0,8,session_T,22,2,001-2014,CLE LLE
160,160,1.9051182,0.5295639,216.0,9,session_E,22,2,001-2014,CLE LLE
161,161,1.9260328,0.4947243,216.0,9,session_T,22,2,001-2014,CLE LLE
162,162,2.687173,0.5991506,120.0,1,session_0,30,2,004-2015,CLE LLE
163,163,2.993846,0.67547536,120.0,1,session_1,30,2,004-2015,CLE LLE
164,164,2.285068,0.6192241,120.0,2,session_0,30,2,004-2015,CLE LLE
165,165,3.1662002,0.57646024,120.0,2,session_1,30,2,004-2015,CLE LLE
166,166,1.9230661,0.57081616,120.0,3,session_0,30,2,004-2015,CLE LLE
167,167,1.9502189,0.6620336,120.0,3,session_1,30,2,004-2015,CLE LLE
168,168,1.986629,0.5769176,105.0,4,session_0,30,2,004-2015,CLE LLE
169,169,1.8069937,0.6227967,120.0,4,session_1,30,2,004-2015,CLE LLE
170,170,2.11831,0.5526807,120.0,5,session_0,30,2,004-2015,CLE LLE
171,171,2.165621,0.5935885,120.0,5,session_1,30,2,004-2015,CLE LLE
172,172,2.0399942,0.64958894,120.0,6,session_0,30,2,004-2015,CLE LLE
173,173,2.877109,0.64840674,120.0,6,session_1,30,2,004-2015,CLE LLE
174,174,1.9969721,0.52910876,105.0,7,session_0,30,2,004-2015,CLE LLE
175,175,1.9182291,0.6788025,120.0,7,session_1,30,2,004-2015,CLE LLE
176,176,2.299736,0.6721289,120.0,8,session_0,30,2,004-2015,CLE LLE
177,177,2.014845,0.66428524,120.0,8,session_1,30,2,004-2015,CLE LLE
178,178,2.1783218,0.52412486,120.0,9,session_0,30,2,004-2015,CLE LLE
179,179,2.48002,0.59711343,120.0,9,session_1,30,2,004-2015,CLE LLE
180,180,0.979692,0.4977824,300.0,1,session_0,14,3,Zhou 2016,CLE LLE
181,181,1.023556,0.51597553,329.0,1,session_1,14,3,Zhou 2016,CLE LLE
182,182,1.0789173,0.5038853,329.0,1,session_2,14,3,Zhou 2016,CLE LLE
183,183,0.80667806,0.54602957,285.0,2,session_0,14,3,Zhou 2016,CLE LLE
184,184,0.76781607,0.5840071,300.0,2,session_1,14,3,Zhou 2016,CLE LLE
185,185,0.80488706,0.556882,285.0,2,session_2,14,3,Zhou 2016,CLE LLE
186,186,0.8069918,0.56773216,301.0,3,session_0,14,3,Zhou 2016,CLE LLE
187,187,0.90937996,0.6096912,300.0,3,session_1,14,3,Zhou 2016,CLE LLE
188,188,0.81395197,0.5778399,301.0,3,session_2,14,3,Zhou 2016,CLE LLE
189,189,0.779479,0.5595401,300.0,4,session_0,14,3,Zhou 2016,CLE LLE
190,190,0.78049016,0.5465969,285.0,4,session_1,14,3,Zhou 2016,CLE LLE
191,191,0.80053616,0.5654732,285.0,4,session_2,14,3,Zhou 2016,CLE LLE
